prompt #-----------------------#
prompt #- Smazat vsechna data -#
prompt #-----------------------#

exec VYMAZ_DATA_VSECH_TABULEK;

prompt #----------------------#
prompt #- Vypnout cizi klice -#
prompt #----------------------#

exec VYPNI_CIZI_KLICE;

prompt #---------------#
prompt #- Vlozit data -#
prompt #---------------#

insert into pozice (id_pozice, nazev) values (1,'učitel');
insert into pozice (id_pozice, nazev) values (2,'korepetitor');
insert into pozice (id_pozice, nazev) values (3,'dirigent');
insert into pozice (id_pozice, nazev) values (4,'ředitel');
insert into pozice (id_pozice, nazev) values (5,'zástupce ředitele');
insert into pozice (id_pozice, nazev) values (6,'asistent pedagoga');
insert into pozice (id_pozice, nazev) values (7,'učetní');
insert into pozice (id_pozice, nazev) values (8,'ladič');
insert into pozice (id_pozice, nazev) values (9,'sekuriťák');
insert into pozice (id_pozice, nazev) values (10,'správce webu');
insert into pozice (id_pozice, nazev) values (11,'personální manažer');
insert into pozice (id_pozice, nazev) values (12,'markeťak');

insert into obor (id_obor, nazev) values (1,'instrumentální');
insert into obor (id_obor, nazev) values (2,'pěvecký');
insert into obor (id_obor, nazev) values (3,'teoretický');
insert into obor (id_obor, nazev) values (4,'nový');

insert into predmet (id_predmet, id_obor, nazev) values (1, 1, 'Hra na klavír');
insert into predmet (id_predmet, id_obor, nazev) values (2, 1, 'Hra na housle');
insert into predmet (id_predmet, id_obor, nazev) values (3, 1, 'Hra na flétnu');
insert into predmet (id_predmet, id_obor, nazev) values (4, 1, 'Hra na hoboj');
insert into predmet (id_predmet, id_obor, nazev) values (5, 1, 'Hra na violu');
insert into predmet (id_predmet, id_obor, nazev) values (6, 1, 'Hra na violoncello');
insert into predmet (id_predmet, id_obor, nazev) values (7, 1, 'Hra na akordeon');
insert into predmet (id_predmet, id_obor, nazev) values (8, 1, 'Hra na harfu');
insert into predmet (id_predmet, id_obor, nazev) values (9, 1, 'Hra na kytaru');
insert into predmet (id_predmet, id_obor, nazev) values (10, 1, 'Hra na saxofon');
insert into predmet (id_predmet, id_obor, nazev) values (11, 1, 'Hra na pikolu');
insert into predmet (id_predmet, id_obor, nazev) values (12, 1, 'Hra na ukulele');
insert into predmet (id_predmet, id_obor, nazev) values (13, 1, 'Hra na balalajku');
insert into predmet (id_predmet, id_obor, nazev) values (14, 1, 'Hra na harmoniku');
insert into predmet (id_predmet, id_obor, nazev) values (15, 2, 'Orchestr');
insert into predmet (id_predmet, id_obor, nazev) values (16, 2, 'Pěvecký sbor');
insert into predmet (id_predmet, id_obor, nazev) values (17, 3, 'Hudenní teorie');


insert into vyrobce(id_vyrobce, nazev) values(1, 'Yamaha');
insert into vyrobce(id_vyrobce, nazev) values(2, 'Gibson');
insert into vyrobce(id_vyrobce, nazev) values(3, 'Steinway Musical Instruments');
insert into vyrobce(id_vyrobce, nazev) values(4, 'Sennheiser');
insert into vyrobce(id_vyrobce, nazev) values(5, 'Roland');
insert into vyrobce(id_vyrobce, nazev) values(6, 'Kawai');
insert into vyrobce(id_vyrobce, nazev) values(7, 'C. F. Martin and Company');
insert into vyrobce(id_vyrobce, nazev) values(8, 'Fender Musical Instruments');
insert into vyrobce(id_vyrobce, nazev) values(9, 'Shure');
insert into vyrobce(id_vyrobce, nazev) values(10, 'Harman Professional');
insert into vyrobce(id_vyrobce, nazev) values(11, 'Charles Dumont and Son');
insert into vyrobce(id_vyrobce, nazev) values(12, 'Chauvet');
insert into vyrobce(id_vyrobce, nazev) values(13, 'Chesbro Music');
insert into vyrobce(id_vyrobce, nazev) values(14, 'Stradivarius');
insert into vyrobce(id_vyrobce, nazev) values(15, 'Amadeus');

insert into kategorie(id_kategorie, nazev) values(1, 'Klavír');
insert into kategorie(id_kategorie, nazev) values(2, 'Pikola');
insert into kategorie(id_kategorie, nazev) values(3, 'Saxofon');
insert into kategorie(id_kategorie, nazev) values(4, 'Ukulele');
insert into kategorie(id_kategorie, nazev) values(5, 'Violoncello');
insert into kategorie(id_kategorie, nazev) values(6, 'Viola');
insert into kategorie(id_kategorie, nazev) values(7, 'Varhany');
insert into kategorie(id_kategorie, nazev) values(8, 'Klarinet');
insert into kategorie(id_kategorie, nazev) values(9, 'Harmonika');
insert into kategorie(id_kategorie, nazev) values(10, 'Flétna');
insert into kategorie(id_kategorie, nazev) values(11, 'Balalajka');
insert into kategorie(id_kategorie, nazev) values(12, 'Akordeon');
insert into kategorie(id_kategorie, nazev) values(13, 'Housle');
insert into kategorie(id_kategorie, nazev) values(14, 'Hoboj');
insert into kategorie(id_kategorie, nazev) values(15, 'Harfa');
insert into kategorie(id_kategorie, nazev) values(16, 'Kontrabas');
insert into kategorie(id_kategorie, nazev) values(17, 'Křídlo');
insert into kategorie(id_kategorie, nazev) values(18, 'Kytara');


insert into prodejce(id_prodejce, nazev, web, tel, email) values(1,'Hudebni nastroje, s.r.o.','www.hudebni-nastroje.cz','775 221 321', 'hudebni-nastroje@nastroje.cz');
insert into prodejce(id_prodejce, nazev, web, tel, email) values(2,'Music City, s.r.o.','www.music-city.cz','825 566 455', 'music-city@mc.cz');
insert into prodejce(id_prodejce, nazev, web, tel, email) values(3,'Muziker, a.s.','www.muziker.cz','795 564 465', 'muzker@muz.com');
insert into prodejce(id_prodejce, nazev, web, tel, email) values(4,'Kytary, s.r.o.','www.kytary.cz','546 464 489', 'kytary@kyt.cz');
insert into prodejce(id_prodejce, nazev, web, tel, email) values(5,'Music Instruments inc.','www.music-instruments.com','545 321 545','music-instruments@music.cz');
insert into prodejce(id_prodejce, nazev, web, tel, email) values(6,'Hudebni dum, s.r.o.','www.hudebni-dum.cz','545 546 321','hudebni-dum@hud.cz');
insert into prodejce(id_prodejce, nazev, web, tel, email) values(7,'Muzikant, a.s.','www.muzikant.cz','545 354 213', 'muzikant@muzik.cz');
insert into prodejce(id_prodejce, nazev, web) values(8,'Hudebniny, s.r.o.','www.hudebniny.cz');
insert into prodejce(id_prodejce, nazev, web) values(9,'Prokapelu, a.s.','www.prokapelu.cz');
insert into prodejce(id_prodejce, nazev, tel) values(10,'pronastroje, inc.','459 658 546');


insert into hudebni_nastroj (id_hudebni_nastroj, id_vyrobce, id_prodejce, id_kategorie, nazev, cena, datum_zakoupeni ) values (1, 12, 5, 6, 'CHVE-VLA-77', 4500, '26.07.2019' );
insert into hudebni_nastroj (id_hudebni_nastroj, id_vyrobce, id_prodejce, id_kategorie, nazev, cena, datum_zakoupeni ) values (2, 11, 2, 14, 'CDH-642', 3500, '07.12.2019' );
insert into hudebni_nastroj (id_hudebni_nastroj, id_vyrobce, id_prodejce, id_kategorie, nazev, cena, datum_zakoupeni ) values (3, 12, 2, 6, 'CHVE-VLA-77', 4700, '23.11.2019' );
insert into hudebni_nastroj (id_hudebni_nastroj, id_vyrobce, id_prodejce, id_kategorie, nazev, cena, datum_zakoupeni ) values (4, 13, 4, 14, 'BMH-532', 11100, '03.09.2019' );
insert into hudebni_nastroj (id_hudebni_nastroj, id_vyrobce, id_prodejce, id_kategorie, nazev, cena, datum_zakoupeni ) values (5, 1, 7, 1, 'YDP-854', 19700, '20.11.2019' );
insert into hudebni_nastroj (id_hudebni_nastroj, id_vyrobce, id_prodejce, id_kategorie, nazev, cena, datum_zakoupeni ) values (6, 2, 5, 11, 'GB-8247', 13300, '23.12.2019' );
insert into hudebni_nastroj (id_hudebni_nastroj, id_vyrobce, id_prodejce, id_kategorie, nazev, cena, datum_zakoupeni ) values (7,10 , 4,18 , 'HPK-907', 18723, '12.07.2019' );
insert into hudebni_nastroj (id_hudebni_nastroj, id_vyrobce, id_prodejce, id_kategorie, nazev, cena, datum_zakoupeni ) values (8, 7, 4, 16, 'CHK-9967', 20000, '27.10.2019' );
insert into hudebni_nastroj (id_hudebni_nastroj, id_vyrobce, id_prodejce, id_kategorie, nazev, cena, datum_zakoupeni ) values (9,8 , 2, 13, 'CMK-7693', 28980, '28.12.2019' );
insert into hudebni_nastroj (id_hudebni_nastroj, id_vyrobce, id_prodejce, id_kategorie, nazev, cena, datum_zakoupeni ) values (10, 10, 3, 8, 'HPK-943', 3500, '12.05.2019' );
insert into hudebni_nastroj (id_hudebni_nastroj, id_vyrobce, id_prodejce, id_kategorie, nazev, cena, datum_zakoupeni ) values (11, 3, 4, 5, 'SMIVI-671', 4100, '19.12.2019' );
insert into hudebni_nastroj (id_hudebni_nastroj, id_vyrobce, id_prodejce, id_kategorie, nazev, cena, datum_zakoupeni ) values (12, 15, 9, 13, 'AH-157', 25000, '11.06.2019' );
insert into hudebni_nastroj (id_hudebni_nastroj, id_vyrobce, id_prodejce, id_kategorie, nazev, cena, datum_zakoupeni ) values (13, 15, 9, 13, 'AH-125', 15000, '25.04.2020' );
insert into hudebni_nastroj (id_hudebni_nastroj, id_vyrobce, id_prodejce, id_kategorie, nazev, cena, datum_zakoupeni ) values (14, 9, 3, 12, 'SHA-934', 10589, '25.03.2020' );
insert into hudebni_nastroj (id_hudebni_nastroj, id_vyrobce, id_prodejce, id_kategorie, nazev, cena, datum_zakoupeni ) values (15, 14, 5, 6, 'STV-931', 9290, '08.09.2019' );
insert into hudebni_nastroj (id_hudebni_nastroj, id_vyrobce, id_prodejce, id_kategorie, nazev, cena, datum_zakoupeni ) values (16, 12, 6, 6, 'CHVE-VLA-76', 3030, '05.01.2020' );
insert into hudebni_nastroj (id_hudebni_nastroj, id_vyrobce, id_prodejce, id_kategorie, nazev, cena, datum_zakoupeni ) values (17, 13, 6, 14, 'BMH-532', 11100, '17.09.2019' );
insert into hudebni_nastroj (id_hudebni_nastroj, id_vyrobce, id_prodejce, id_kategorie, nazev, cena, datum_zakoupeni ) values (18, 8, 2, 13, 'CMK-7698', 36510, '26.02.2020' );
insert into hudebni_nastroj (id_hudebni_nastroj, id_vyrobce, id_prodejce, id_kategorie, nazev, cena, datum_zakoupeni ) values (19, 5, 3, 1, 'RFS-588', 9390, '16.12.2019' );
insert into hudebni_nastroj (id_hudebni_nastroj, id_vyrobce, id_prodejce, id_kategorie, nazev, cena, datum_zakoupeni ) values (20, 3, 4, 5, 'SMIVI-773', 5500, '19.12.2019' );
insert into hudebni_nastroj (id_hudebni_nastroj, id_vyrobce, id_prodejce, id_kategorie, nazev, cena, datum_zakoupeni ) values (21, 4, 3, 12, 'SEA-756', 10261, '12.09.2019' );
insert into hudebni_nastroj (id_hudebni_nastroj, id_vyrobce, id_prodejce, id_kategorie, nazev, cena, datum_zakoupeni ) values (22, 1, 2, 1, 'CLP-625', 12900, '24.06.2019' );
insert into hudebni_nastroj (id_hudebni_nastroj, id_vyrobce, id_prodejce, id_kategorie, nazev, cena, datum_zakoupeni ) values (23, 15, 9, 13, 'AH-125', 15000, '30.04.2019' );
insert into hudebni_nastroj (id_hudebni_nastroj, id_vyrobce, id_prodejce, id_kategorie, nazev, cena, datum_zakoupeni ) values (24, 6, 9, 4, 'KWU-356', 2379, '24.03.2020' );
insert into hudebni_nastroj (id_hudebni_nastroj, id_vyrobce, id_prodejce, id_kategorie, nazev, cena, datum_zakoupeni ) values (25, 1, 2, 1, 'YDP-335', 11000, '07.05.2019' );
insert into hudebni_nastroj (id_hudebni_nastroj, id_vyrobce, id_prodejce, id_kategorie, nazev, cena, datum_zakoupeni ) values (26, 6, 10, 14, 'KAH-990', 22300, '06.06.2019' );
insert into hudebni_nastroj (id_hudebni_nastroj, id_vyrobce, id_prodejce, id_kategorie, nazev, cena, datum_zakoupeni ) values (27, 3, 4, 5, 'SMIVI-773', 5500, '19.12.2019' );
insert into hudebni_nastroj (id_hudebni_nastroj, id_vyrobce, id_prodejce, id_kategorie, nazev, cena, datum_zakoupeni ) values (28, 11, 2, 14, 'CDH-648', 4700, '30.09.2019' );
insert into hudebni_nastroj (id_hudebni_nastroj, id_vyrobce, id_prodejce, id_kategorie, nazev, cena, datum_zakoupeni ) values (29, 9, 10, 6, 'SIV-439', 3930, '21.12.2019' );
insert into hudebni_nastroj (id_hudebni_nastroj, id_vyrobce, id_prodejce, id_kategorie, nazev, cena, datum_zakoupeni ) values (30, 15, 9, 13, 'AH-157', 25000, '11.06.2019' );
insert into hudebni_nastroj (id_hudebni_nastroj, id_vyrobce, id_prodejce, id_kategorie, nazev, cena, datum_zakoupeni ) values (31, 11, 2, 14, 'CDH-648', 4700, '02.11.2019' );
insert into hudebni_nastroj (id_hudebni_nastroj, id_vyrobce, id_prodejce, id_kategorie, nazev, cena, datum_zakoupeni ) values (32, 3, 10, 2, 'SMP-197', 8950, '30.12.2019' );
insert into hudebni_nastroj (id_hudebni_nastroj, id_vyrobce, id_prodejce, id_kategorie, nazev, cena, datum_zakoupeni ) values (33, 7, 4, 16, 'CHK-9969', 30290, '10.10.2019' );
insert into hudebni_nastroj (id_hudebni_nastroj, id_vyrobce, id_prodejce, id_kategorie, nazev, cena, datum_zakoupeni ) values (34, 3, 4, 5, 'SMIVI-671', 4100, '19.12.2019' );
insert into hudebni_nastroj (id_hudebni_nastroj, id_vyrobce, id_prodejce, id_kategorie, nazev, cena, datum_zakoupeni ) values (35, 15, 9, 13, 'AH-157', 25000, '11.06.2019' );
insert into hudebni_nastroj (id_hudebni_nastroj, id_vyrobce, id_prodejce, id_kategorie, nazev, cena, datum_zakoupeni ) values (36, 1, 6, 1, 'ATP-112', 12900, '17.04.2020' );
insert into hudebni_nastroj (id_hudebni_nastroj, id_vyrobce, id_prodejce, id_kategorie, nazev, cena, datum_zakoupeni ) values (37, 12, 2, 10, 'CTF-795', 10770, '18.03.2020' );
insert into hudebni_nastroj (id_hudebni_nastroj, id_vyrobce, id_prodejce, id_kategorie, nazev, cena, datum_zakoupeni ) values (38, 9, 3, 12, 'SHA-934', 10589, '14.02.2020' );
insert into hudebni_nastroj (id_hudebni_nastroj, id_vyrobce, id_prodejce, id_kategorie, nazev, cena, datum_zakoupeni ) values (39, 15, 9, 13, 'AH-157', 25000, '11.06.2019' );
insert into hudebni_nastroj (id_hudebni_nastroj, id_vyrobce, id_prodejce, id_kategorie, nazev, cena, datum_zakoupeni ) values (40, 10, 2, 8, 'HPK-943', 3300, '13.06.2019' );
insert into hudebni_nastroj (id_hudebni_nastroj, id_vyrobce, id_prodejce, id_kategorie, nazev, cena, datum_zakoupeni ) values (41, 6, 9, 4, 'KU-7281', 9500, '22.11.2019' );
insert into hudebni_nastroj (id_hudebni_nastroj, id_vyrobce, id_prodejce, id_kategorie, nazev, cena, datum_zakoupeni ) values (42, 15, 9, 13, 'AH-125', 15000, '23.04.2020' );
insert into hudebni_nastroj (id_hudebni_nastroj, id_vyrobce, id_prodejce, id_kategorie, nazev, cena, datum_zakoupeni ) values (43, 4, 8, 12, 'SEA-755', 3965, '19.02.2020' );
insert into hudebni_nastroj (id_hudebni_nastroj, id_vyrobce, id_prodejce, id_kategorie, nazev, cena, datum_zakoupeni ) values (44, 12, 7, 6, 'CHVE-VLA-76', 3770, '20.05.2019' );
insert into hudebni_nastroj (id_hudebni_nastroj, id_vyrobce, id_prodejce, id_kategorie, nazev, cena, datum_zakoupeni ) values (45, 11, 7, 9, 'CHAH-779', 14000, '10.10.2019' );
insert into hudebni_nastroj (id_hudebni_nastroj, id_vyrobce, id_prodejce, id_kategorie, nazev, cena, datum_zakoupeni ) values (46, 15, 9, 13, 'AH-157', 25000, '11.06.2019' );
insert into hudebni_nastroj (id_hudebni_nastroj, id_vyrobce, id_prodejce, id_kategorie, nazev, cena, datum_zakoupeni ) values (47, 1, 4, 1, 'YDP-230', 49500, '16.05.2019' );
insert into hudebni_nastroj (id_hudebni_nastroj, id_vyrobce, id_prodejce, id_kategorie, nazev, cena, datum_zakoupeni ) values (48, 2, 3, 11, 'GB-468', 25200, '05.11.2019' );
insert into hudebni_nastroj (id_hudebni_nastroj, id_vyrobce, id_prodejce, id_kategorie, nazev, cena, datum_zakoupeni ) values (49, 3, 2, 5, 'SMIVI-773', 5300, '17.02.2020' );
insert into hudebni_nastroj (id_hudebni_nastroj, id_vyrobce, id_prodejce, id_kategorie, nazev, cena, datum_zakoupeni ) values (50, 15, 9, 13, 'AH-157', 25000, '30.04.2019' );
insert into hudebni_nastroj (id_hudebni_nastroj, id_vyrobce, id_prodejce, id_kategorie, nazev, cena, datum_zakoupeni ) values (51, 6, 8, 4, 'KWU-356', 2300, '06.02.2020' );
insert into hudebni_nastroj (id_hudebni_nastroj, id_vyrobce, id_prodejce, id_kategorie, nazev, cena, datum_zakoupeni ) values (52, 7, 4, 16, 'CHK-9969', 30290,'10.10.2019' );
insert into hudebni_nastroj (id_hudebni_nastroj, id_vyrobce, id_prodejce, id_kategorie, nazev, cena, datum_zakoupeni ) values (53, 2, 8, 11, 'GB-4762', 33800, '15.08.2019' );
insert into hudebni_nastroj (id_hudebni_nastroj, id_vyrobce, id_prodejce, id_kategorie, nazev, cena, datum_zakoupeni ) values (54, 12, 4, 10, 'CTF-594', 7300, '10.10.2019' );
insert into hudebni_nastroj (id_hudebni_nastroj, id_vyrobce, id_prodejce, id_kategorie, nazev, cena, datum_zakoupeni ) values (55, 6, 7, 4, 'KWU-356', 2200, '17.12.2019' );
insert into hudebni_nastroj (id_hudebni_nastroj, id_vyrobce, id_prodejce, id_kategorie, nazev, cena, datum_zakoupeni ) values (56, 10, 3, 8, 'HPK-943', 3500, '12.05.2019' );
insert into hudebni_nastroj (id_hudebni_nastroj, id_vyrobce, id_prodejce, id_kategorie, nazev, cena, datum_zakoupeni ) values (57, 6, 7, 4, 'KU-7281', 8300, '23.09.2019' );
insert into hudebni_nastroj (id_hudebni_nastroj, id_vyrobce, id_prodejce, id_kategorie, nazev, cena, datum_zakoupeni ) values (58, 3, 2, 5, 'SMIVI-671', 3900, '12.02.2020' );
insert into hudebni_nastroj (id_hudebni_nastroj, id_vyrobce, id_prodejce, id_kategorie, nazev, cena, datum_zakoupeni ) values (59, 15, 9, 13, 'AH-125', 15000, '30.04.2019' );
insert into hudebni_nastroj (id_hudebni_nastroj, id_vyrobce, id_prodejce, id_kategorie, nazev, cena, datum_zakoupeni ) values (60, 1, 9, 1, 'YDP-394', 43600, '26.06.2019' );
insert into hudebni_nastroj (id_hudebni_nastroj, id_vyrobce, id_prodejce, id_kategorie, nazev, cena, datum_zakoupeni ) values (61, 13, 2, 4, 'CBU-8525', 2120, '18.09.2019' );
insert into hudebni_nastroj (id_hudebni_nastroj, id_vyrobce, id_prodejce, id_kategorie, nazev, cena, datum_zakoupeni ) values (62, 11, 4, 9, 'CHAH-779', 13000, '02.01.2020' );
insert into hudebni_nastroj (id_hudebni_nastroj, id_vyrobce, id_prodejce, id_kategorie, nazev, cena, datum_zakoupeni ) values (63, 3, 10, 2, 'SMP-190', 7700, '30.12.2019' );
insert into hudebni_nastroj (id_hudebni_nastroj, id_vyrobce, id_prodejce, id_kategorie, nazev, cena, datum_zakoupeni ) values (64, 1, 2, 1, 'ATP-793', 34200, '01.11.2019' );
insert into hudebni_nastroj (id_hudebni_nastroj, id_vyrobce, id_prodejce, id_kategorie, nazev, cena, datum_zakoupeni ) values (65, 12, 4, 6, 'CHVE-VLA-77', 4700, '07.09.2019' );
insert into hudebni_nastroj (id_hudebni_nastroj, id_vyrobce, id_prodejce, id_kategorie, nazev, cena, datum_zakoupeni ) values (66, 13, 6, 14, 'BMH-535', 13400, '08.04.2020' );
insert into hudebni_nastroj (id_hudebni_nastroj, id_vyrobce, id_prodejce, id_kategorie, nazev, cena, datum_zakoupeni ) values (67, 12, 2, 6, 'CHVE-VLA-76', 2990, '07.02.2020' );
insert into hudebni_nastroj (id_hudebni_nastroj, id_vyrobce, id_prodejce, id_kategorie, nazev, cena, datum_zakoupeni ) values (68, 6, 2, 14, 'KAH-990', 22500, '27.01.2020' );
insert into hudebni_nastroj (id_hudebni_nastroj, id_vyrobce, id_prodejce, id_kategorie, nazev, cena, datum_zakoupeni ) values (69,11 , 5,  15, 'FMIH-4598', 27840, '14.02.2020' );
insert into hudebni_nastroj (id_hudebni_nastroj, id_vyrobce, id_prodejce, id_kategorie, nazev, cena, datum_zakoupeni ) values (70, 7, 4, 16, 'CHK-9967', 20000, '30.01.2020' );
insert into hudebni_nastroj (id_hudebni_nastroj, id_vyrobce, id_prodejce, id_kategorie, nazev, cena, datum_zakoupeni ) values (71, 12, 7, 6, 'CHVE-VLA-77', 4600, '16.01.2020' );
insert into hudebni_nastroj (id_hudebni_nastroj, id_vyrobce, id_prodejce, id_kategorie, nazev, cena, datum_zakoupeni ) values (72, 15, 7, 16, 'AMK-8311', 12650, '28.04.2019' );
insert into hudebni_nastroj (id_hudebni_nastroj, id_vyrobce, id_prodejce, id_kategorie, nazev, cena, datum_zakoupeni ) values (73, 6, 5, 14, 'KAH-990', 22500, '02.02.2020' );
insert into hudebni_nastroj (id_hudebni_nastroj, id_vyrobce, id_prodejce, id_kategorie, nazev, cena, datum_zakoupeni ) values (74, 2, 7, 2, 'GLH-6885', 7900, '09.05.2019' );
insert into hudebni_nastroj (id_hudebni_nastroj, id_vyrobce, id_prodejce, id_kategorie, nazev, cena, datum_zakoupeni ) values (75, 6, 8, 4, 'KWU-356', 2300, '06.02.2020' );
insert into hudebni_nastroj (id_hudebni_nastroj, id_vyrobce, id_prodejce, id_kategorie, nazev, cena, datum_zakoupeni ) values (76, 10, 3, 8, 'HPK-943', 3500, '12.05.2019' );
insert into hudebni_nastroj (id_hudebni_nastroj, id_vyrobce, id_prodejce, id_kategorie, nazev, cena, datum_zakoupeni ) values (77, 3, 10, 2, 'SMP-197', 8950, '30.12.2019' );
insert into hudebni_nastroj (id_hudebni_nastroj, id_vyrobce, id_prodejce, id_kategorie, nazev, cena, datum_zakoupeni ) values (78, 10, 6, 8, 'HPK-943', 3500, '12.05.2019' );
insert into hudebni_nastroj (id_hudebni_nastroj, id_vyrobce, id_prodejce, id_kategorie, nazev, cena, datum_zakoupeni ) values (79, 1, 7, 1, 'ATP-858', 46200, '08.07.2019' );
insert into hudebni_nastroj (id_hudebni_nastroj, id_vyrobce, id_prodejce, id_kategorie, nazev, cena, datum_zakoupeni ) values (80, 12, 4, 6, 'CHVE-VLA-77', 4700, '07.09.2019' );
insert into hudebni_nastroj (id_hudebni_nastroj, id_vyrobce, id_prodejce, id_kategorie, nazev, cena, datum_zakoupeni ) values (81, 6, 10, 4, 'KWU-356', 1320 , '22.11.2019' );
insert into hudebni_nastroj (id_hudebni_nastroj, id_vyrobce, id_prodejce, id_kategorie, nazev, cena, datum_zakoupeni ) values (82, 4, 3, 12, 'SEAN-986', 21220, '19.02.2020' );
insert into hudebni_nastroj (id_hudebni_nastroj, id_vyrobce, id_prodejce, id_kategorie, nazev, cena, datum_zakoupeni ) values (83, 10, 4, 18, 'HPK-9867', 8000, '12.07.2019' );
insert into hudebni_nastroj (id_hudebni_nastroj, id_vyrobce, id_prodejce, id_kategorie, nazev, cena, datum_zakoupeni ) values (84, 7, 4, 16, 'CHK-9969', 30290,'10.10.2019' );
insert into hudebni_nastroj (id_hudebni_nastroj, id_vyrobce, id_prodejce, id_kategorie, nazev, cena, datum_zakoupeni ) values (85, 1, 1, 1, 'ATP-982', 4500, '17.08.2019' );
insert into hudebni_nastroj (id_hudebni_nastroj, id_vyrobce, id_prodejce, id_kategorie, nazev, cena, datum_zakoupeni ) values (86, 3, 3, 10, 'GAF-3864', 2120, '08.07.2019' );
insert into hudebni_nastroj (id_hudebni_nastroj, id_vyrobce, id_prodejce, id_kategorie, nazev, cena, datum_zakoupeni ) values (87, 1, 5, 1, 'CLP-626', 12800, '23.10.2019' );
insert into hudebni_nastroj (id_hudebni_nastroj, id_vyrobce, id_prodejce, id_kategorie, nazev, cena, datum_zakoupeni ) values (88, 6, 2, 14,  'KAH-990', 22500, '02.02.2020' );
insert into hudebni_nastroj (id_hudebni_nastroj, id_vyrobce, id_prodejce, id_kategorie, nazev, cena, datum_zakoupeni ) values (89, 15, 9, 13, 'AH-157', 25000, '30.04.2019' );
insert into hudebni_nastroj (id_hudebni_nastroj, id_vyrobce, id_prodejce, id_kategorie, nazev, cena, datum_zakoupeni ) values (90, 15, 9, 13, 'AH-157', 25000, '30.04.2019' );
insert into hudebni_nastroj (id_hudebni_nastroj, id_vyrobce, id_prodejce, id_kategorie, nazev, cena, datum_zakoupeni ) values (91, 15, 4, 5, 'AMV-8394', 39760, '10.10.2019' );
insert into hudebni_nastroj (id_hudebni_nastroj, id_vyrobce, id_prodejce, id_kategorie, nazev, cena, datum_zakoupeni ) values (92, 12, 7, 6, 'CHVE-VLA-77', 4600, '15.02.2020' );
insert into hudebni_nastroj (id_hudebni_nastroj, id_vyrobce, id_prodejce, id_kategorie, nazev, cena, datum_zakoupeni ) values (93, 11, 9, 15, 'FMIH-4625', 48960, '14.02.2020' );
insert into hudebni_nastroj (id_hudebni_nastroj, id_vyrobce, id_prodejce, id_kategorie, nazev, cena, datum_zakoupeni ) values (94, 2, 4, 2, 'GLH-670', 4200, '19.09.2019' );
insert into hudebni_nastroj (id_hudebni_nastroj, id_vyrobce, id_prodejce, id_kategorie, nazev, cena, datum_zakoupeni ) values (95, 6, 7, 4, 'KU-7281', 5980, '13.12.2019' );
insert into hudebni_nastroj (id_hudebni_nastroj, id_vyrobce, id_prodejce, id_kategorie, nazev, cena, datum_zakoupeni ) values (96, 9, 10, 6, 'SIV-439', 3930, '21.12.2019' );
insert into hudebni_nastroj (id_hudebni_nastroj, id_vyrobce, id_prodejce, id_kategorie, nazev, cena, datum_zakoupeni ) values (97, 12, 2, 10, 'CTF-795', 10770, '24.05.2019' );
insert into hudebni_nastroj (id_hudebni_nastroj, id_vyrobce, id_prodejce, id_kategorie, nazev, cena, datum_zakoupeni ) values (98, 2, 8, 2, 'GLH-6695', 13650, '10.01.2020' );
insert into hudebni_nastroj (id_hudebni_nastroj, id_vyrobce, id_prodejce, id_kategorie, nazev, cena, datum_zakoupeni ) values (99, 12, 6, 6, 'CHVE-VLA-76', 3030, '04.10.2019' );
insert into hudebni_nastroj (id_hudebni_nastroj, id_vyrobce, id_prodejce, id_kategorie, nazev, cena, datum_zakoupeni ) values (100, 7, 4, 16, 'CHK-9969', 30290,'10.10.2019' );
insert into hudebni_nastroj (id_hudebni_nastroj, id_vyrobce, id_prodejce, id_kategorie, nazev, cena, datum_zakoupeni ) values (101, 1, 3, 1, 'CLP-700', 26300, '11.12.2019' );
insert into hudebni_nastroj (id_hudebni_nastroj, id_vyrobce, id_prodejce, id_kategorie, nazev, cena, datum_zakoupeni ) values (102,3 , 2, 9, 'SSS-789', 16400, '07.11.2019' );
insert into hudebni_nastroj (id_hudebni_nastroj, id_vyrobce, id_prodejce, id_kategorie, nazev, cena, datum_zakoupeni ) values (103, 1, 2, 1, 'YDP-496', 35100, '04.07.2019' );
insert into hudebni_nastroj (id_hudebni_nastroj, id_vyrobce, id_prodejce, id_kategorie, nazev, cena, datum_zakoupeni ) values (104, 2, 7, 10, 'GAF-3864', 3030, '03.07.2019' );
insert into hudebni_nastroj (id_hudebni_nastroj, id_vyrobce, id_prodejce, id_kategorie, nazev, cena, datum_zakoupeni ) values (105, 11, 6, 14, 'CDH-642', 3500, '13.09.2019' );
insert into hudebni_nastroj (id_hudebni_nastroj, id_vyrobce, id_prodejce, id_kategorie, nazev, cena, datum_zakoupeni ) values (106, 1, 10, 1, 'CLP-700', 26300, '30.01.2020' );
insert into hudebni_nastroj (id_hudebni_nastroj, id_vyrobce, id_prodejce, id_kategorie, nazev, cena, datum_zakoupeni ) values (107, 15, 9, 13, 'AH-125', 15000, '30.04.2019' );
insert into hudebni_nastroj (id_hudebni_nastroj, id_vyrobce, id_prodejce, id_kategorie, nazev, cena, datum_zakoupeni ) values (108, 1, 2, 1, 'CLP-625', 12900, '26.08.2019' );
insert into hudebni_nastroj (id_hudebni_nastroj, id_vyrobce, id_prodejce, id_kategorie, nazev, cena, datum_zakoupeni ) values (109, 13, 5, 14, 'BMH-532', 11100, '03.10.2019' );
insert into hudebni_nastroj (id_hudebni_nastroj, id_vyrobce, id_prodejce, id_kategorie, nazev, cena, datum_zakoupeni ) values (110, 15, 9, 13, 'AH-157', 25000, '30.04.2019' );
insert into hudebni_nastroj (id_hudebni_nastroj, id_vyrobce, id_prodejce, id_kategorie, nazev, cena, datum_zakoupeni ) values (111, 6, 8, 4, 'KWU-356', 2300, '06.02.2020' );
insert into hudebni_nastroj (id_hudebni_nastroj, id_vyrobce, id_prodejce, id_kategorie, nazev, cena, datum_zakoupeni ) values (112, 10, 8,  18, 'HPK-907', 17000, '11.03.2020' );
insert into hudebni_nastroj (id_hudebni_nastroj, id_vyrobce, id_prodejce, id_kategorie, nazev, cena, datum_zakoupeni ) values (113, 9, 10, 6, 'SIV-439', 3930, '21.12.2019' );
insert into hudebni_nastroj (id_hudebni_nastroj, id_vyrobce, id_prodejce, id_kategorie, nazev, cena, datum_zakoupeni ) values (114, 15, 9, 13, 'AH-157', 25000, '30.04.2019' );
insert into hudebni_nastroj (id_hudebni_nastroj, id_vyrobce, id_prodejce, id_kategorie, nazev, cena, datum_zakoupeni ) values (115, 1, 5, 1, 'CLP-700', 26300, '15.03.2020' );
insert into hudebni_nastroj (id_hudebni_nastroj, id_vyrobce, id_prodejce, id_kategorie, nazev, cena, datum_zakoupeni ) values (116, 13, 3, 14, 'BMH-535', 13200, '20.10.2019' );
insert into hudebni_nastroj (id_hudebni_nastroj, id_vyrobce, id_prodejce, id_kategorie, nazev, cena, datum_zakoupeni ) values (117, 5, 1, 1, 'RFS-588', 17740, '12.05.2019' );
insert into hudebni_nastroj (id_hudebni_nastroj, id_vyrobce, id_prodejce, id_kategorie, nazev, cena, datum_zakoupeni ) values (118, 2, 4, 2, 'GLC-4438', 7095, '04.11.2019' );
insert into hudebni_nastroj (id_hudebni_nastroj, id_vyrobce, id_prodejce, id_kategorie, nazev, cena, datum_zakoupeni ) values (119, 10, 3, 8, 'HPK-945', 4200, '16.08.2019' );
insert into hudebni_nastroj (id_hudebni_nastroj, id_vyrobce, id_prodejce, id_kategorie, nazev, cena, datum_zakoupeni ) values (120, 6, 4, 4, 'KWU-356',13250 , '18.09.2019' );
insert into hudebni_nastroj (id_hudebni_nastroj, id_vyrobce, id_prodejce, id_kategorie, nazev, cena, datum_zakoupeni ) values (121, 12, 5, 10, 'CTF-795', 11300, '10.10.2019' );
insert into hudebni_nastroj (id_hudebni_nastroj, id_vyrobce, id_prodejce, id_kategorie, nazev, cena, datum_zakoupeni ) values (122, 3, 7, 9, 'SSS-789', 16700, '06.05.2019' );
insert into hudebni_nastroj (id_hudebni_nastroj, id_vyrobce, id_prodejce, id_kategorie, nazev, cena, datum_zakoupeni ) values (123, 15, 9, 13, 'AH-125', 15000, '25.10.2019' );
insert into hudebni_nastroj (id_hudebni_nastroj, id_vyrobce, id_prodejce, id_kategorie, nazev, cena, datum_zakoupeni ) values (124, 2, 8, 11, 'GB-4751', 2690, '27.02.2020' );
insert into hudebni_nastroj (id_hudebni_nastroj, id_vyrobce, id_prodejce, id_kategorie, nazev, cena, datum_zakoupeni ) values (125, 9, 10, 6, 'SIV-437', 2210, '21.11.2019' );
insert into hudebni_nastroj (id_hudebni_nastroj, id_vyrobce, id_prodejce, id_kategorie, nazev, cena, datum_zakoupeni ) values (126, 2, 3, 11, 'GB-460', 18500, '05.11.2019' );
insert into hudebni_nastroj (id_hudebni_nastroj, id_vyrobce, id_prodejce, id_kategorie, nazev, cena, datum_zakoupeni ) values (127, 8, 2, 13, 'CMK-7698', 36510, '23.04.2020' );
insert into hudebni_nastroj (id_hudebni_nastroj, id_vyrobce, id_prodejce, id_kategorie, nazev, cena, datum_zakoupeni ) values (128, 7, 3, 16, 'CHK-9967', 21000, '10.10.2019' );
insert into hudebni_nastroj (id_hudebni_nastroj, id_vyrobce, id_prodejce, id_kategorie, nazev, cena, datum_zakoupeni ) values (129, 7, 4, 16, 'CHK-9967', 20000, '22.02.2020' );
insert into hudebni_nastroj (id_hudebni_nastroj, id_vyrobce, id_prodejce, id_kategorie, nazev, cena, datum_zakoupeni ) values (130, 9, 10, 6, 'SIV-437', 2210, '21.11.2019' );
insert into hudebni_nastroj (id_hudebni_nastroj, id_vyrobce, id_prodejce, id_kategorie, nazev, cena, datum_zakoupeni ) values (131, 3, 10, 2, 'SMP-197', 8950, '12.07.2019' );
insert into hudebni_nastroj (id_hudebni_nastroj, id_vyrobce, id_prodejce, id_kategorie, nazev, cena, datum_zakoupeni ) values (132, 15, 9, 13, 'AH-157', 25000, '30.04.2019' );
insert into hudebni_nastroj (id_hudebni_nastroj, id_vyrobce, id_prodejce, id_kategorie, nazev, cena, datum_zakoupeni ) values (133, 13, 3, 14, 'BMH-532', 11100, '02.03.2020' );
insert into hudebni_nastroj (id_hudebni_nastroj, id_vyrobce, id_prodejce, id_kategorie, nazev, cena, datum_zakoupeni ) values (134, 6, 7, 4, 'KU-7281', 9200, '13.12.2019' );
insert into hudebni_nastroj (id_hudebni_nastroj, id_vyrobce, id_prodejce, id_kategorie, nazev, cena, datum_zakoupeni ) values (135, 2, 6, 10, 'GAF-3864', 21770, '11.06.2019' );
insert into hudebni_nastroj (id_hudebni_nastroj, id_vyrobce, id_prodejce, id_kategorie, nazev, cena, datum_zakoupeni ) values (136, 15, 4, 5, 'AMV-8729', 31299, '10.10.2019' );
insert into hudebni_nastroj (id_hudebni_nastroj, id_vyrobce, id_prodejce, id_kategorie, nazev, cena, datum_zakoupeni ) values (137, 3, 4, 5, 'SMIVI-671', 4100, '19.12.2019' );
insert into hudebni_nastroj (id_hudebni_nastroj, id_vyrobce, id_prodejce, id_kategorie, nazev, cena, datum_zakoupeni ) values (138, 14, 5, 13, 'STH-1224', 5145, '06.04.2020' );
insert into hudebni_nastroj (id_hudebni_nastroj, id_vyrobce, id_prodejce, id_kategorie, nazev, cena, datum_zakoupeni ) values (139, 15, 9, 13, 'AH-157', 25000, '30.04.2019' );
insert into hudebni_nastroj (id_hudebni_nastroj, id_vyrobce, id_prodejce, id_kategorie, nazev, cena, datum_zakoupeni ) values (140, 11, 6, 14, 'CDH-642', 3500, '01.10.2019' );
insert into hudebni_nastroj (id_hudebni_nastroj, id_vyrobce, id_prodejce, id_kategorie, nazev, cena, datum_zakoupeni ) values (141, 8, 6, 13, 'FMIH-6346', 17500, '18.09.2019' );
insert into hudebni_nastroj (id_hudebni_nastroj, id_vyrobce, id_prodejce, id_kategorie, nazev, cena, datum_zakoupeni ) values (142, 10, 4,  18, 'HPK-9867', 8000, '12.07.2019' );
insert into hudebni_nastroj (id_hudebni_nastroj, id_vyrobce, id_prodejce, id_kategorie, nazev, cena, datum_zakoupeni ) values (143, 1, 6, 1, 'ATP-128', 37600, '20.08.2019' );
insert into hudebni_nastroj (id_hudebni_nastroj, id_vyrobce, id_prodejce, id_kategorie, nazev, cena, datum_zakoupeni ) values (144, 6, 5, 14, 'KAH-990', 22500, '02.02.2020' );
insert into hudebni_nastroj (id_hudebni_nastroj, id_vyrobce, id_prodejce, id_kategorie, nazev, cena, datum_zakoupeni ) values (145, 13, 1, 14, 'BMH-535', 13200, '16.08.2019' );
insert into hudebni_nastroj (id_hudebni_nastroj, id_vyrobce, id_prodejce, id_kategorie, nazev, cena, datum_zakoupeni ) values (146, 4, 3, 12, 'SEA-755', 3965, '19.02.2020' );
insert into hudebni_nastroj (id_hudebni_nastroj, id_vyrobce, id_prodejce, id_kategorie, nazev, cena, datum_zakoupeni ) values (147, 15, 9, 13, 'AH-125', 15000, '30.04.2019' );
insert into hudebni_nastroj (id_hudebni_nastroj, id_vyrobce, id_prodejce, id_kategorie, nazev, cena, datum_zakoupeni ) values (148, 9, 5, 6, 'SIV-439', 3800, '22.06.2019' );
insert into hudebni_nastroj (id_hudebni_nastroj, id_vyrobce, id_prodejce, id_kategorie, nazev, cena, datum_zakoupeni ) values (149, 3, 7, 9, 'SSS-789', 16700, '06.05.2019' );
insert into hudebni_nastroj (id_hudebni_nastroj, id_vyrobce, id_prodejce, id_kategorie, nazev, cena, datum_zakoupeni ) values (150, 14, 1, 6, 'STV-585', 44000, '25.12.2019' );

insert into adresa (id_adresa, mesto, psc, ulice, cislo_popisne, cislo_orientacni) values (1, 'Praha', '400 10', 'Nam. Republiky', 8631, 8);
insert into adresa (id_adresa, mesto, psc, ulice, cislo_popisne, cislo_orientacni) values (2, 'Praha', '770 00', 'Fajtlova', 7390, 15);
insert into adresa (id_adresa, mesto, psc, ulice, cislo_popisne, cislo_orientacni) values (3, 'Praha', '660 80', 'Palackeho tr.', 4820, 12);
insert into adresa (id_adresa, mesto, psc, ulice, cislo_popisne, cislo_orientacni) values (4, 'Praha', '732 50', 'nam. T. G. Masaryka', 1221, 11);
insert into adresa (id_adresa, mesto, psc, ulice, cislo_popisne, cislo_orientacni) values (5, 'Praha', '670 20', 'Bukovanskeho', 1403, 12);
insert into adresa (id_adresa, mesto, psc, ulice, cislo_popisne, cislo_orientacni) values (6, 'Praha', '560 20', 'Zeleneho', 2689, 3);
insert into adresa (id_adresa, mesto, psc, ulice, cislo_popisne, cislo_orientacni) values (7, 'Praha', '870 70', 'Gorazdova', 5816, 1);
insert into adresa (id_adresa, mesto, psc, ulice, cislo_popisne, cislo_orientacni) values (8, 'Praha', '790 30', 'Husitska', 3794, 6);
insert into adresa (id_adresa, mesto, psc, ulice, cislo_popisne, cislo_orientacni) values (9, 'Praha', '460 70', 'Kristenova', 8356, 7);
insert into adresa (id_adresa, mesto, psc, ulice, cislo_popisne, cislo_orientacni) values (10, 'Praha', '230 90', 'Andryskova', 5462, 18);
insert into adresa (id_adresa, mesto, psc, ulice, cislo_popisne, cislo_orientacni) values (11, 'Praha', '420 80', 'Zajeci hora', 3622, 6);
insert into adresa (id_adresa, mesto, psc, ulice, cislo_popisne, cislo_orientacni) values (12, 'Praha', '720 70', 'Jarni', 1119, 11);
insert into adresa (id_adresa, mesto, psc, ulice, cislo_popisne, cislo_orientacni) values (13, 'Praha', '120 80', 'Rooseveltova', 3464, 3);
insert into adresa (id_adresa, mesto, psc, ulice, cislo_popisne, cislo_orientacni) values (14, 'Praha', '450 30', 'Kopecna', 7205, 16);
insert into adresa (id_adresa, mesto, psc, ulice, cislo_popisne, cislo_orientacni) values (15, 'Praha', '700 70', 'U splavu', 8698, 7);
insert into adresa (id_adresa, mesto, psc, ulice, cislo_popisne, cislo_orientacni) values (16, 'Praha', '150 20', 'Hoblikova', 6815, 15);
insert into adresa (id_adresa, mesto, psc, ulice, cislo_popisne, cislo_orientacni) values (17, 'Praha', '700 70', 'Bohunova', 2491, 1);
insert into adresa (id_adresa, mesto, psc, ulice, cislo_popisne, cislo_orientacni) values (18, 'Praha', '150 20', 'Krausova', 3887, 1);
insert into adresa (id_adresa, mesto, psc, ulice, cislo_popisne, cislo_orientacni) values (19, 'Praha', '110 60', 'Kliny', 6929, 4);
insert into adresa (id_adresa, mesto, psc, ulice, cislo_popisne, cislo_orientacni) values (20, 'Praha', '390 50', 'Vackova', 8411, 6);
insert into adresa (id_adresa, mesto, psc, ulice, cislo_popisne, cislo_orientacni) values (21, 'Praha', '620 50', 'Stara osada', 573, 20);
insert into adresa (id_adresa, mesto, psc, ulice, cislo_popisne, cislo_orientacni) values (22, 'Praha', '270 40', 'Achtelky', 558, 17);
insert into adresa (id_adresa, mesto, psc, ulice, cislo_popisne, cislo_orientacni) values (23, 'Praha', '850 50', 'U koupaliste', 8592, 6);
insert into adresa (id_adresa, mesto, psc, ulice, cislo_popisne, cislo_orientacni) values (24, 'Praha', '590 10', 'Frantisky Stranecke', 9196, 1);
insert into adresa (id_adresa, mesto, psc, ulice, cislo_popisne, cislo_orientacni) values (25, 'Praha', '500 20', 'Besuvka', 9277, 8);
insert into adresa (id_adresa, mesto, psc, ulice, cislo_popisne, cislo_orientacni) values (26, 'Praha', '120 70', 'Blatneho', 8073, 20);
insert into adresa (id_adresa, mesto, psc, ulice, cislo_popisne, cislo_orientacni) values (27, 'Praha', '700 70', 'Na Kopaninach', 6568, 9);
insert into adresa (id_adresa, mesto, psc, ulice, cislo_popisne, cislo_orientacni) values (28, 'Praha', '280 80', 'Predni', 647, 12);
insert into adresa (id_adresa, mesto, psc, ulice, cislo_popisne, cislo_orientacni) values (29, 'Praha', '650 90', 'Kninicska', 5748, 19);
insert into adresa (id_adresa, mesto, psc, ulice, cislo_popisne, cislo_orientacni) values (30, 'Praha', '870 80', 'Fucikova', 4091, 4);
insert into adresa (id_adresa, mesto, psc, ulice, cislo_popisne, cislo_orientacni) values (31, 'Praha', '920 80', 'Hujickova', 7317, 2);
insert into adresa (id_adresa, mesto, psc, ulice, cislo_popisne, cislo_orientacni) values (32, 'Praha', '840 80', 'Velka Klajdovka', 2743, 18);
insert into adresa (id_adresa, mesto, psc, ulice, cislo_popisne, cislo_orientacni) values (33, 'Praha', '310 70', 'Hochmanova', 5023, 13);
insert into adresa (id_adresa, mesto, psc, ulice, cislo_popisne, cislo_orientacni) values (34, 'Praha', '190 30', 'Rooseveltova', 3658, 15);
insert into adresa (id_adresa, mesto, psc, ulice, cislo_popisne, cislo_orientacni) values (35, 'Praha', '150 20', 'Valcharska', 3043, 7);
insert into adresa (id_adresa, mesto, psc, ulice, cislo_popisne, cislo_orientacni) values (36, 'Praha', '150 20', 'Jirankova', 8788, 11);
insert into adresa (id_adresa, mesto, psc, ulice, cislo_popisne, cislo_orientacni) values (37, 'Praha', '150 20', 'Minska', 4218, 20);
insert into adresa (id_adresa, mesto, psc, ulice, cislo_popisne, cislo_orientacni) values (38, 'Praha', '150 20', 'Kovarska', 3040, 3);
insert into adresa (id_adresa, mesto, psc, ulice, cislo_popisne, cislo_orientacni) values (39, 'Praha', '150 20', 'Rybnicka', 3907, 8);
insert into adresa (id_adresa, mesto, psc, ulice, cislo_popisne, cislo_orientacni) values (40, 'Praha', '150 20', 'Turgenevova', 4422, 18);
insert into adresa (id_adresa, mesto, psc, ulice, cislo_popisne, cislo_orientacni) values (41, 'Praha', '150 20', 'Paterni', 1367, 1);
insert into adresa (id_adresa, mesto, psc, ulice, cislo_popisne, cislo_orientacni) values (42, 'Praha', '150 20', 'Vychodilova', 4759, 3);
insert into adresa (id_adresa, mesto, psc, ulice, cislo_popisne, cislo_orientacni) values (43, 'Praha', '150 20', 'Bulinova', 3608, 9);
insert into adresa (id_adresa, mesto, psc, ulice, cislo_popisne, cislo_orientacni) values (44, 'Praha', '970 60', 'Vzdalena', 5869, 19);
insert into adresa (id_adresa, mesto, psc, ulice, cislo_popisne, cislo_orientacni) values (45, 'Praha', '870 00', 'Mysliveckova', 4480, 13);
insert into adresa (id_adresa, mesto, psc, ulice, cislo_popisne, cislo_orientacni) values (46, 'Praha', '370 90', 'Urbankova', 9009, 4);
insert into adresa (id_adresa, mesto, psc, ulice, cislo_popisne, cislo_orientacni) values (47, 'Praha', '970 50', 'Michalova', 2663, 1);
insert into adresa (id_adresa, mesto, psc, ulice, cislo_popisne, cislo_orientacni) values (48, 'Praha', '770 70', 'Suzova', 3033, 12);
insert into adresa (id_adresa, mesto, psc, ulice, cislo_popisne, cislo_orientacni) values (49, 'Praha', '970 70', 'Sychrov', 8482, 3);
insert into adresa (id_adresa, mesto, psc, ulice, cislo_popisne, cislo_orientacni) values (50, 'Praha', '470 60', 'Kubikova', 9136, 4);
insert into adresa (id_adresa, mesto, psc, ulice, cislo_popisne, cislo_orientacni) values (51, 'Praha', '670 30', 'Hrbitovni', 6917, 11);
insert into adresa (id_adresa, mesto, psc, ulice, cislo_popisne, cislo_orientacni) values (52, 'Praha', '898 30', 'Dubova', 7557, 13);
insert into adresa (id_adresa, mesto, psc, ulice, cislo_popisne, cislo_orientacni) values (53, 'Praha', '881 90', 'Hodoninska', 780, 9);
insert into adresa (id_adresa, mesto, psc, ulice, cislo_popisne, cislo_orientacni) values (54, 'Praha', '170 80', 'sedova', 3079, 7);
insert into adresa (id_adresa, mesto, psc, ulice, cislo_popisne, cislo_orientacni) values (55, 'Praha', '150 20', 'Rygle', 2740, 15);
insert into adresa (id_adresa, mesto, psc, ulice, cislo_popisne, cislo_orientacni) values (56, 'Praha', '150 20', 'Jizni svahy', 5441, 20);
insert into adresa (id_adresa, mesto, psc, ulice, cislo_popisne, cislo_orientacni) values (57, 'Praha', '150 20', 'Oresinska', 5483, 8);
insert into adresa (id_adresa, mesto, psc, ulice, cislo_popisne, cislo_orientacni) values (58, 'Praha', '150 20', 'Oranzova', 9832, 9);
insert into adresa (id_adresa, mesto, psc, ulice, cislo_popisne, cislo_orientacni) values (59, 'Praha', '150 20', 'sikma', 7858, 7);
insert into adresa (id_adresa, mesto, psc, ulice, cislo_popisne, cislo_orientacni) values (60, 'Praha', '150 20', 'Plynarenska', 6187, 3);
insert into adresa (id_adresa, mesto, psc, ulice, cislo_popisne, cislo_orientacni) values (61, 'Praha', '150 20', 'U cerveneho mlyna', 2672, 5);
insert into adresa (id_adresa, mesto, psc, ulice, cislo_popisne, cislo_orientacni) values (62, 'Praha', '150 20', 'Narcisova', 4894, 2);
insert into adresa (id_adresa, mesto, psc, ulice, cislo_popisne, cislo_orientacni) values (63, 'Praha', '150 20', 'Tesna', 9863, 8);
insert into adresa (id_adresa, mesto, psc, ulice, cislo_popisne, cislo_orientacni) values (64, 'Praha', '940 80', 'Pastviny', 1008, 19);
insert into adresa (id_adresa, mesto, psc, ulice, cislo_popisne, cislo_orientacni) values (65, 'Praha', '740 20', 'Klarisky', 8206, 20);
insert into adresa (id_adresa, mesto, psc, ulice, cislo_popisne, cislo_orientacni) values (66, 'Praha', '640 30', 'Pisarecka', 5028, 13);
insert into adresa (id_adresa, mesto, psc, ulice, cislo_popisne, cislo_orientacni) values (67, 'Praha', '340 20', 'Rotalova', 5680, 2);
insert into adresa (id_adresa, mesto, psc, ulice, cislo_popisne, cislo_orientacni) values (68, 'Praha', '240 30', 'Chudobova', 8441, 2);
insert into adresa (id_adresa, mesto, psc, ulice, cislo_popisne, cislo_orientacni) values (69, 'Praha', '140 30', 'Rozmarynova', 106, 16);
insert into adresa (id_adresa, mesto, psc, ulice, cislo_popisne, cislo_orientacni) values (70, 'Praha', '700 70', 'Mojmirovo namesti', 9287, 1);
insert into adresa (id_adresa, mesto, psc, ulice, cislo_popisne, cislo_orientacni) values (71, 'Praha', '340 40', 'Srnci', 2117, 3);
insert into adresa (id_adresa, mesto, psc, ulice, cislo_popisne, cislo_orientacni) values (72, 'Praha', '440 70', 'stolcova', 5142, 1);
insert into adresa (id_adresa, mesto, psc, ulice, cislo_popisne, cislo_orientacni) values (73, 'Praha', '600 60', 'Ostravska', 9682, 4);
insert into adresa (id_adresa, mesto, psc, ulice, cislo_popisne, cislo_orientacni) values (74, 'Praha', '490 00', 'Salajni', 4053, 15);
insert into adresa (id_adresa, mesto, psc, ulice, cislo_popisne, cislo_orientacni) values (75, 'Praha', '780 00', 'Kytnerova', 746, 10);
insert into adresa (id_adresa, mesto, psc, ulice, cislo_popisne, cislo_orientacni) values (76, 'Praha', '810 50', 'Filkukova', 7607, 16);
insert into adresa (id_adresa, mesto, psc, ulice, cislo_popisne, cislo_orientacni) values (77, 'Praha', '120 90', 'Listi', 5063, 8);
insert into adresa (id_adresa, mesto, psc, ulice, cislo_popisne, cislo_orientacni) values (78, 'Praha', '840 80', 'Kotulanova', 4161, 18);
insert into adresa (id_adresa, mesto, psc, ulice, cislo_popisne, cislo_orientacni) values (79, 'Praha', '550 20', 'Marianske udoli', 6814, 1);
insert into adresa (id_adresa, mesto, psc, ulice, cislo_popisne, cislo_orientacni) values (80, 'Praha', '220 50', 'Koblizna', 7040, 2);
insert into adresa (id_adresa, mesto, psc, ulice, cislo_popisne, cislo_orientacni) values (81, 'Praha', '280 50', 'Londynske namesti', 6413, 6);
insert into adresa (id_adresa, mesto, psc, ulice, cislo_popisne, cislo_orientacni) values (82, 'Praha', '950 30', 'Dvorskeho', 1004, 9);
insert into adresa (id_adresa, mesto, psc, ulice, cislo_popisne, cislo_orientacni) values (83, 'Praha', '440 70', 'V rejich', 1898, 13);
insert into adresa (id_adresa, mesto, psc, ulice, cislo_popisne, cislo_orientacni) values (84, 'Praha', '440 70', 'Veletrzni', 7217, 12);
insert into adresa (id_adresa, mesto, psc, ulice, cislo_popisne, cislo_orientacni) values (85, 'Praha', '440 70', 'Uhlirova', 6490, 15);
insert into adresa (id_adresa, mesto, psc, ulice, cislo_popisne, cislo_orientacni) values (86, 'Praha', '440 70', 'Hradilova', 2188, 7);
insert into adresa (id_adresa, mesto, psc, ulice, cislo_popisne, cislo_orientacni) values (87, 'Praha', '440 70', 'Boskovicka', 2700, 18);
insert into adresa (id_adresa, mesto, psc, ulice, cislo_popisne, cislo_orientacni) values (88, 'Praha', '520 00', 'Pahrbek', 3204, 9);
insert into adresa (id_adresa, mesto, psc, ulice, cislo_popisne, cislo_orientacni) values (89, 'Praha', '520 00', 'Lucni', 6018, 7);
insert into adresa (id_adresa, mesto, psc, ulice, cislo_popisne, cislo_orientacni) values (90, 'Praha', '520 00', 'Hrbitovni', 7131, 1);
insert into adresa (id_adresa, mesto, psc, ulice, cislo_popisne, cislo_orientacni) values (91, 'Praha', '110 20', 'Oranzova', 979, 13);
insert into adresa (id_adresa, mesto, psc, ulice, cislo_popisne, cislo_orientacni) values (92, 'Praha', '110 20', 'Joukalova', 2385, 11);
insert into adresa (id_adresa, mesto, psc, ulice, cislo_popisne, cislo_orientacni) values (93, 'Praha', '110 20', 'zampachova', 8801, 14);
insert into adresa (id_adresa, mesto, psc, ulice, cislo_popisne, cislo_orientacni) values (94, 'Praha', '110 20', 'Krizkovskeho', 3324, 18);
insert into adresa (id_adresa, mesto, psc, ulice, cislo_popisne, cislo_orientacni) values (95, 'Praha', '110 50', 'Jilova', 616, 15);
insert into adresa (id_adresa, mesto, psc, ulice, cislo_popisne, cislo_orientacni) values (96, 'Praha', '110 50', 'Baarovo nabrezi', 3141, 4);
insert into adresa (id_adresa, mesto, psc, ulice, cislo_popisne, cislo_orientacni) values (97, 'Beroun', '255 00', 'Filipinskeho', 4338, 16);
insert into adresa (id_adresa, mesto, psc, ulice, cislo_popisne, cislo_orientacni) values (98, 'Beroun', '255 00', 'Hujickova', 7501, 10);
insert into adresa (id_adresa, mesto, psc, ulice, cislo_popisne, cislo_orientacni) values (99, 'Beroun', '255 00', 'Chopinova', 9220, 11);
insert into adresa (id_adresa, mesto, psc, ulice, cislo_popisne, cislo_orientacni) values (100, 'Praha', '440 70', 'Palirenska', 1250, 6);
insert into adresa (id_adresa, mesto, psc, ulice, cislo_popisne, cislo_orientacni) values (101, 'Praha', '440 70', 'Delostrelecka', 7565, 15);
insert into adresa (id_adresa, mesto, psc, ulice, cislo_popisne, cislo_orientacni) values (102, 'Praha', '440 70', 'Hlidka', 412, 11);
insert into adresa (id_adresa, mesto, psc, ulice, cislo_popisne, cislo_orientacni) values (103, 'Praha', '440 70', 'Nachova', 445, 11);
insert into adresa (id_adresa, mesto, psc, ulice, cislo_popisne, cislo_orientacni) values (104, 'Praha', '440 70', 'Masarova', 2613, 11);
insert into adresa (id_adresa, mesto, psc, ulice, cislo_popisne, cislo_orientacni) values (105, 'Praha', '180 00', 'Sportovni', 6186, 11);
insert into adresa (id_adresa, mesto, psc, ulice, cislo_popisne, cislo_orientacni) values (106, 'Praha', '180 00', 'Roubalova', 1543, 7);
insert into adresa (id_adresa, mesto, psc, ulice, cislo_popisne, cislo_orientacni) values (107, 'Praha', '170 00', 'Vitaskova', 8536, 14);
insert into adresa (id_adresa, mesto, psc, ulice, cislo_popisne, cislo_orientacni) values (108, 'Praha', '110 20', 'Pod sidlistem', 5178, 6);
insert into adresa (id_adresa, mesto, psc, ulice, cislo_popisne, cislo_orientacni) values (109, 'Praha', '110 20', 'Samova', 7926, 14);
insert into adresa (id_adresa, mesto, psc, ulice, cislo_popisne, cislo_orientacni) values (110, 'Praha', '110 20', 'Moravske namesti', 946, 5);
insert into adresa (id_adresa, mesto, psc, ulice, cislo_popisne, cislo_orientacni) values (111, 'Praha', '110 20', 'Pruhon', 1010, 16);
insert into adresa (id_adresa, mesto, psc, ulice, cislo_popisne, cislo_orientacni) values (112, 'Praha', '230 00', 'Kominska', 9134, 18);
insert into adresa (id_adresa, mesto, psc, ulice, cislo_popisne, cislo_orientacni) values (113, 'Praha', '230 00', 'Houskova', 4304, 12);
insert into adresa (id_adresa, mesto, psc, ulice, cislo_popisne, cislo_orientacni) values (114, 'Praha', '700 70', 'Prima', 256, 6);
insert into adresa (id_adresa, mesto, psc, ulice, cislo_popisne, cislo_orientacni) values (115, 'Praha', '700 70', 'Marsikova', 8182, 5);
insert into adresa (id_adresa, mesto, psc, ulice, cislo_popisne, cislo_orientacni) values (116, 'Praha', '700 70', 'sevcenkova', 8232, 4);
insert into adresa (id_adresa, mesto, psc, ulice, cislo_popisne, cislo_orientacni) values (117, 'Praha', '700 70', 'Zemedelska', 3992, 19);
insert into adresa (id_adresa, mesto, psc, ulice, cislo_popisne, cislo_orientacni) values (118, 'Praha', '700 70', 'Zapletalova', 1126, 11);
insert into adresa (id_adresa, mesto, psc, ulice, cislo_popisne, cislo_orientacni) values (119, 'Praha', '560 20', 'Planinka', 7580, 20);
insert into adresa (id_adresa, mesto, psc, ulice, cislo_popisne, cislo_orientacni) values (120, 'Praha', '130 40', 'spanielova', 9580, 10);
insert into adresa (id_adresa, mesto, psc, ulice, cislo_popisne, cislo_orientacni) values (121, 'Praha', '130 40', 'Korejska', 5008, 2);
insert into adresa (id_adresa, mesto, psc, ulice, cislo_popisne, cislo_orientacni) values (122, 'Praha', '130 40', 'Malostranska', 4655, 13);
insert into adresa (id_adresa, mesto, psc, ulice, cislo_popisne, cislo_orientacni) values (123, 'Praha', '130 40', 'Palirenska', 2965, 18);
insert into adresa (id_adresa, mesto, psc, ulice, cislo_popisne, cislo_orientacni) values (124, 'Praha', '700 70', 'Kobylnicka', 1111, 14);
insert into adresa (id_adresa, mesto, psc, ulice, cislo_popisne, cislo_orientacni) values (125, 'Praha', '700 70', 'Potocni', 6293, 18);
insert into adresa (id_adresa, mesto, psc, ulice, cislo_popisne, cislo_orientacni) values (126, 'Praha', '700 70', 'skarova', 5859, 10);
insert into adresa (id_adresa, mesto, psc, ulice, cislo_popisne, cislo_orientacni) values (127, 'Praha', '700 70', 'Mlaty', 9616, 2);
insert into adresa (id_adresa, mesto, psc, ulice, cislo_popisne, cislo_orientacni) values (128, 'Praha', '700 70', 'Amerlingova', 2602, 3);
insert into adresa (id_adresa, mesto, psc, ulice, cislo_popisne, cislo_orientacni) values (129, 'Praha', '440 70', 'Hlinik', 9802, 2);
insert into adresa (id_adresa, mesto, psc, ulice, cislo_popisne, cislo_orientacni) values (130, 'Praha', '440 70', 'Rybizova', 7179, 10);
insert into adresa (id_adresa, mesto, psc, ulice, cislo_popisne, cislo_orientacni) values (131, 'Praha', '440 70', 'Vodova', 3438, 18);
insert into adresa (id_adresa, mesto, psc, ulice, cislo_popisne, cislo_orientacni) values (132, 'Praha', '440 70', 'Vsetickova', 9047, 6);
insert into adresa (id_adresa, mesto, psc, ulice, cislo_popisne, cislo_orientacni) values (133, 'Praha', '440 70', 'Starobrnenska', 8413, 19);
insert into adresa (id_adresa, mesto, psc, ulice, cislo_popisne, cislo_orientacni) values (134, 'Praha', '560 20', 'Klajdovska', 242, 10);
insert into adresa (id_adresa, mesto, psc, ulice, cislo_popisne, cislo_orientacni) values (135, 'Praha', '560 20', 'Hlavkova', 1119, 1);
insert into adresa (id_adresa, mesto, psc, ulice, cislo_popisne, cislo_orientacni) values (136, 'Praha', '560 20', 'Kliny', 381, 3);
insert into adresa (id_adresa, mesto, psc, ulice, cislo_popisne, cislo_orientacni) values (137, 'Praha', '560 20', 'Novotneho', 176, 18);
insert into adresa (id_adresa, mesto, psc, ulice, cislo_popisne, cislo_orientacni) values (138, 'Praha', '130 40', 'Marie Hubnerove', 1004, 17);
insert into adresa (id_adresa, mesto, psc, ulice, cislo_popisne, cislo_orientacni) values (139, 'Praha', '130 40', 'Mickova', 8056, 17);
insert into adresa (id_adresa, mesto, psc, ulice, cislo_popisne, cislo_orientacni) values (140, 'Praha', '130 40', 'Koliste', 9234, 3);
insert into adresa (id_adresa, mesto, psc, ulice, cislo_popisne, cislo_orientacni) values (141, 'Praha', '130 40', 'Lesni', 6872, 6);
insert into adresa (id_adresa, mesto, psc, ulice, cislo_popisne, cislo_orientacni) values (142, 'Praha', '150 50', 'Famerovo namesti', 2695, 8);
insert into adresa (id_adresa, mesto, psc, ulice, cislo_popisne, cislo_orientacni) values (143, 'Praha', '150 50', 'Tihuvka', 1145, 6);
insert into adresa (id_adresa, mesto, psc, ulice, cislo_popisne, cislo_orientacni) values (144, 'Praha', '150 50', 'Sportovni nabrezi', 5641, 4);
insert into adresa (id_adresa, mesto, psc, ulice, cislo_popisne, cislo_orientacni) values (145, 'Praha', '700 70', 'Majdalenky', 5591, 3);
insert into adresa (id_adresa, mesto, psc, ulice, cislo_popisne, cislo_orientacni) values (146, 'Praha', '700 70', 'Chelcickeho', 694, 3);
insert into adresa (id_adresa, mesto, psc, ulice, cislo_popisne, cislo_orientacni) values (147, 'Praha', '700 70', 'Zemedelska', 7434, 4);
insert into adresa (id_adresa, mesto, psc, ulice, cislo_popisne, cislo_orientacni) values (148, 'Praha', '700 70', 'Hradlova', 7863, 6);
insert into adresa (id_adresa, mesto, psc, ulice, cislo_popisne, cislo_orientacni) values (149, 'Praha', '700 70', 'Revirnikova', 6245, 6);
insert into adresa (id_adresa, mesto, psc, ulice, cislo_popisne, cislo_orientacni) values (150, 'Praha', '440 70', 'Vomackova', 566, 9);
insert into adresa (id_adresa, mesto, psc, ulice, cislo_popisne, cislo_orientacni) values (151, 'Praha', '440 70', 'Kluchova', 1521, 9);
insert into adresa (id_adresa, mesto, psc, ulice, cislo_popisne, cislo_orientacni) values (152, 'Praha', '440 70', 'Vrbova', 5024, 15);
insert into adresa (id_adresa, mesto, psc, ulice, cislo_popisne, cislo_orientacni) values (153, 'Praha', '440 70', 'Kninicska', 3742, 11);
insert into adresa (id_adresa, mesto, psc, ulice, cislo_popisne, cislo_orientacni) values (154, 'Praha', '440 70', 'Chureho', 3707, 18);
insert into adresa (id_adresa, mesto, psc, ulice, cislo_popisne, cislo_orientacni) values (155, 'Praha', '150 40', 'Krejciho', 1833, 6);
insert into adresa (id_adresa, mesto, psc, ulice, cislo_popisne, cislo_orientacni) values (156, 'Praha', '150 40', 'Jubilejni', 8700, 7);
insert into adresa (id_adresa, mesto, psc, ulice, cislo_popisne, cislo_orientacni) values (157, 'Praha', '150 40', 'Jana Broskvy', 3703, 6);
insert into adresa (id_adresa, mesto, psc, ulice, cislo_popisne, cislo_orientacni) values (158, 'Praha', '108 00', 'Vysoka', 4596, 20);
insert into adresa (id_adresa, mesto, psc, ulice, cislo_popisne, cislo_orientacni) values (159, 'Praha', '108 00', 'Wainerovo namesti', 4267, 5);
insert into adresa (id_adresa, mesto, psc, ulice, cislo_popisne, cislo_orientacni) values (160, 'Praha', '140 50', 'Hogrova', 2531, 20);
insert into adresa (id_adresa, mesto, psc, ulice, cislo_popisne, cislo_orientacni) values (161, 'Praha', '140 50', 'Jirovcova', 7575, 20);
insert into adresa (id_adresa, mesto, psc, ulice, cislo_popisne, cislo_orientacni) values (162, 'Praha', '140 50', 'udolni', 8866, 17);
insert into adresa (id_adresa, mesto, psc, ulice, cislo_popisne, cislo_orientacni) values (163, 'Praha', '140 50', 'Rozcesti', 8296, 2);
insert into adresa (id_adresa, mesto, psc, ulice, cislo_popisne, cislo_orientacni) values (164, 'Praha', '160 00', 'Karoliny Svetle', 2710, 13);
insert into adresa (id_adresa, mesto, psc, ulice, cislo_popisne, cislo_orientacni) values (165, 'Praha', '160 00', 'zluty kopec', 6908, 5);
insert into adresa (id_adresa, mesto, psc, ulice, cislo_popisne, cislo_orientacni) values (166, 'Praha', '160 00', 'Zeleneho', 2190, 20);
insert into adresa (id_adresa, mesto, psc, ulice, cislo_popisne, cislo_orientacni) values (167, 'Praha', '700 70', 'Jehlicnata', 7858, 18);
insert into adresa (id_adresa, mesto, psc, ulice, cislo_popisne, cislo_orientacni) values (168, 'Praha', '700 70', 'Hujickova', 5847, 17);
insert into adresa (id_adresa, mesto, psc, ulice, cislo_popisne, cislo_orientacni) values (169, 'Praha', '700 70', 'Maresova', 7335, 3);
insert into adresa (id_adresa, mesto, psc, ulice, cislo_popisne, cislo_orientacni) values (170, 'Praha', '700 70', 'Stojanova', 1522, 12);
insert into adresa (id_adresa, mesto, psc, ulice, cislo_popisne, cislo_orientacni) values (171, 'Praha', '700 70', 'Hladikova', 8665, 8);
insert into adresa (id_adresa, mesto, psc, ulice, cislo_popisne, cislo_orientacni) values (172, 'Praha', '440 70', 'Erbenova', 1450, 3);
insert into adresa (id_adresa, mesto, psc, ulice, cislo_popisne, cislo_orientacni) values (173, 'Praha', '440 70', 'Na Kopaninach', 3191, 13);
insert into adresa (id_adresa, mesto, psc, ulice, cislo_popisne, cislo_orientacni) values (174, 'Praha', '440 70', 'Zvonkova', 7257, 10);
insert into adresa (id_adresa, mesto, psc, ulice, cislo_popisne, cislo_orientacni) values (175, 'Praha', '440 70', 'Celni', 2984, 19);
insert into adresa (id_adresa, mesto, psc, ulice, cislo_popisne, cislo_orientacni) values (176, 'Praha', '440 70', 'Talichova', 4556, 16);
insert into adresa (id_adresa, mesto, psc, ulice, cislo_popisne, cislo_orientacni) values (177, 'Praha', '160 00', 'Basneho', 9365, 16);
insert into adresa (id_adresa, mesto, psc, ulice, cislo_popisne, cislo_orientacni) values (178, 'Praha', '160 00', 'Gorkeho', 553, 18);
insert into adresa (id_adresa, mesto, psc, ulice, cislo_popisne, cislo_orientacni) values (179, 'Praha', '160 00', 'Bocni', 8175, 16);
insert into adresa (id_adresa, mesto, psc, ulice, cislo_popisne, cislo_orientacni) values (180, 'Praha', '210 00', 'Zkratka', 309, 5);
insert into adresa (id_adresa, mesto, psc, ulice, cislo_popisne, cislo_orientacni) values (181, 'Praha', '210 00', 'V tisine', 1857, 15);
insert into adresa (id_adresa, mesto, psc, ulice, cislo_popisne, cislo_orientacni) values (182, 'Praha', '140 50', 'Radlas', 4086, 14);
insert into adresa (id_adresa, mesto, psc, ulice, cislo_popisne, cislo_orientacni) values (183, 'Praha', '140 50', 'Vsetickova', 7496, 5);
insert into adresa (id_adresa, mesto, psc, ulice, cislo_popisne, cislo_orientacni) values (184, 'Praha', '140 50', 'Rozmarynova', 2614, 19);
insert into adresa (id_adresa, mesto, psc, ulice, cislo_popisne, cislo_orientacni) values (185, 'Praha', '140 50', 'Vackova', 8715, 7);
insert into adresa (id_adresa, mesto, psc, ulice, cislo_popisne, cislo_orientacni) values (186, 'Praha', '560 20', 'Perunova', 7030, 10);
insert into adresa (id_adresa, mesto, psc, ulice, cislo_popisne, cislo_orientacni) values (187, 'Praha', '190 00', 'Mysliveckova', 6223, 17);
insert into adresa (id_adresa, mesto, psc, ulice, cislo_popisne, cislo_orientacni) values (188, 'Praha', '190 00', 'Pusty', 8759, 2);
insert into adresa (id_adresa, mesto, psc, ulice, cislo_popisne, cislo_orientacni) values (189, 'Praha', '190 00', 'Mosnova', 3370, 10);
insert into adresa (id_adresa, mesto, psc, ulice, cislo_popisne, cislo_orientacni) values (190, 'Praha', '190 20', 'Nevrklova', 7219, 11);
insert into adresa (id_adresa, mesto, psc, ulice, cislo_popisne, cislo_orientacni) values (191, 'Praha', '190 20', 'Nadacni', 3188, 1);
insert into adresa (id_adresa, mesto, psc, ulice, cislo_popisne, cislo_orientacni) values (192, 'Praha', '190 20', 'Kocanovska', 389, 2);
insert into adresa (id_adresa, mesto, psc, ulice, cislo_popisne, cislo_orientacni) values (193, 'Praha', '210 00', 'Sabinova', 5648, 10);
insert into adresa (id_adresa, mesto, psc, ulice, cislo_popisne, cislo_orientacni) values (194, 'Praha', '210 00', 'Havlenova', 4922, 6);
insert into adresa (id_adresa, mesto, psc, ulice, cislo_popisne, cislo_orientacni) values (195, 'Praha', '440 70', 'zebetinek', 2405, 7);
insert into adresa (id_adresa, mesto, psc, ulice, cislo_popisne, cislo_orientacni) values (196, 'Praha', '440 70', 'Domazlicka', 313, 17);
insert into adresa (id_adresa, mesto, psc, ulice, cislo_popisne, cislo_orientacni) values (197, 'Praha', '440 70', 'Mickova', 8735, 5);
insert into adresa (id_adresa, mesto, psc, ulice, cislo_popisne, cislo_orientacni) values (198, 'Praha', '440 70', 'Nesverova', 3715, 5);
insert into adresa (id_adresa, mesto, psc, ulice, cislo_popisne, cislo_orientacni) values (199, 'Praha', '440 70', 'Luciny', 8519, 1);
insert into adresa (id_adresa, mesto, psc, ulice, cislo_popisne, cislo_orientacni) values (200, 'Praha', '130 10', 'Bartosova', 5984, 9);
insert into adresa (id_adresa, mesto, psc, ulice, cislo_popisne, cislo_orientacni) values (201, 'Praha', '130 10', 'Pruhon', 9838, 20);
insert into adresa (id_adresa, mesto, psc, ulice, cislo_popisne, cislo_orientacni) values (202, 'Praha', '130 10', 'Kostalova', 8796, 18);
insert into adresa (id_adresa, mesto, psc, ulice, cislo_popisne, cislo_orientacni) values (203, 'Praha', '130 10', 'Padeliky', 8608, 1);
insert into adresa (id_adresa, mesto, psc, ulice, cislo_popisne, cislo_orientacni) values (204, 'Praha', '130 10', 'Sobotkova', 8030, 12);
insert into adresa (id_adresa, mesto, psc, ulice, cislo_popisne, cislo_orientacni) values (205, 'Praha', '130 10', 'Vyzkumni', 6851, 20);
insert into adresa (id_adresa, mesto, psc, ulice, cislo_popisne, cislo_orientacni) values (206, 'Praha', '130 10', 'Jirankova', 9392, 1);
insert into adresa (id_adresa, mesto, psc, ulice, cislo_popisne, cislo_orientacni) values (207, 'Praha', '130 10', 'ulice 1. kvetna', 1196, 19);
insert into adresa (id_adresa, mesto, psc, ulice, cislo_popisne, cislo_orientacni) values (208, 'Praha', '130 10', 'Parezi', 6850, 4);
insert into adresa (id_adresa, mesto, psc, ulice, cislo_popisne, cislo_orientacni) values (209, 'Praha', '440 70', 'Ticheho', 6125, 19);
insert into adresa (id_adresa, mesto, psc, ulice, cislo_popisne, cislo_orientacni) values (210, 'Praha', '440 70', 'Jaroslava Foglara', 9308, 6);
insert into adresa (id_adresa, mesto, psc, ulice, cislo_popisne, cislo_orientacni) values (211, 'Praha', '440 70', 'Bratislavska', 9872, 2);
insert into adresa (id_adresa, mesto, psc, ulice, cislo_popisne, cislo_orientacni) values (212, 'Praha', '440 70', 'skarova', 5114, 1);
insert into adresa (id_adresa, mesto, psc, ulice, cislo_popisne, cislo_orientacni) values (213, 'Praha', '440 70', 'Chochola', 7442, 15);
insert into adresa (id_adresa, mesto, psc, ulice, cislo_popisne, cislo_orientacni) values (214, 'Praha', '720 70', 'Mendlovo namesti', 9039, 14);
insert into adresa (id_adresa, mesto, psc, ulice, cislo_popisne, cislo_orientacni) values (215, 'Praha', '720 70', 'Tumova', 6303, 12);
insert into adresa (id_adresa, mesto, psc, ulice, cislo_popisne, cislo_orientacni) values (216, 'Praha', '720 70', 'Pod hajkem', 8112, 12);
insert into adresa (id_adresa, mesto, psc, ulice, cislo_popisne, cislo_orientacni) values (217, 'Praha', '330 30', 'Pionyrska', 4084, 12);
insert into adresa (id_adresa, mesto, psc, ulice, cislo_popisne, cislo_orientacni) values (218, 'Praha', '330 30', 'Evropska', 5879, 16);
insert into adresa (id_adresa, mesto, psc, ulice, cislo_popisne, cislo_orientacni) values (219, 'Praha', '330 30', 'Adamovska', 3597, 15);
insert into adresa (id_adresa, mesto, psc, ulice, cislo_popisne, cislo_orientacni) values (220, 'Praha', '330 30', 'namesti Miru', 6072, 9);
insert into adresa (id_adresa, mesto, psc, ulice, cislo_popisne, cislo_orientacni) values (221, 'Praha', '330 30', 'Irkutska', 9415, 8);
insert into adresa (id_adresa, mesto, psc, ulice, cislo_popisne, cislo_orientacni) values (222, 'Praha', '330 30', 'Voriskova', 6444, 17);
insert into adresa (id_adresa, mesto, psc, ulice, cislo_popisne, cislo_orientacni) values (223, 'Praha', '330 30', 'ricni', 254, 7);
insert into adresa (id_adresa, mesto, psc, ulice, cislo_popisne, cislo_orientacni) values (224, 'Praha', '330 30', 'Bylinkova', 9772, 9);
insert into adresa (id_adresa, mesto, psc, ulice, cislo_popisne, cislo_orientacni) values (225, 'Praha', '440 70', 'Tabor', 860, 5);
insert into adresa (id_adresa, mesto, psc, ulice, cislo_popisne, cislo_orientacni) values (226, 'Praha', '440 70', 'Letni', 9676, 11);
insert into adresa (id_adresa, mesto, psc, ulice, cislo_popisne, cislo_orientacni) values (227, 'Praha', '440 70', 'Dvorakova', 7432, 17);
insert into adresa (id_adresa, mesto, psc, ulice, cislo_popisne, cislo_orientacni) values (228, 'Praha', '440 70', 'Majova', 2187, 7);
insert into adresa (id_adresa, mesto, psc, ulice, cislo_popisne, cislo_orientacni) values (229, 'Praha', '700 20', 'Soudni', 4984, 11);
insert into adresa (id_adresa, mesto, psc, ulice, cislo_popisne, cislo_orientacni) values (230, 'Praha', '220 00', 'Santiniho', 9712, 9);
insert into adresa (id_adresa, mesto, psc, ulice, cislo_popisne, cislo_orientacni) values (231, 'Praha', '220 00', 'Puskinova', 1014, 8);
insert into adresa (id_adresa, mesto, psc, ulice, cislo_popisne, cislo_orientacni) values (232, 'Praha', '220 00', 'Elgartova', 1849, 17);
insert into adresa (id_adresa, mesto, psc, ulice, cislo_popisne, cislo_orientacni) values (233, 'Praha', '220 00', 'Slatinske namesti', 2901, 1);
insert into adresa (id_adresa, mesto, psc, ulice, cislo_popisne, cislo_orientacni) values (234, 'Praha', '220 00', 'Jirankova', 5592, 18);
insert into adresa (id_adresa, mesto, psc, ulice, cislo_popisne, cislo_orientacni) values (235, 'Praha', '220 00', 'Pernstejnska', 9199, 5);
insert into adresa (id_adresa, mesto, psc, ulice, cislo_popisne, cislo_orientacni) values (236, 'Praha', '220 00', 'Kuklenska', 5903, 15);
insert into adresa (id_adresa, mesto, psc, ulice, cislo_popisne, cislo_orientacni) values (237, 'Praha', '220 00', 'Drevarska', 6908, 3);
insert into adresa (id_adresa, mesto, psc, ulice, cislo_popisne, cislo_orientacni) values (238, 'Praha', '700 70', 'Smrckova', 9277, 15);
insert into adresa (id_adresa, mesto, psc, ulice, cislo_popisne, cislo_orientacni) values (239, 'Praha', '700 70', 'Rooseveltova', 3913, 6);
insert into adresa (id_adresa, mesto, psc, ulice, cislo_popisne, cislo_orientacni) values (240, 'Praha', '700 70', 'namesti 28. rijna', 3976, 12);
insert into adresa (id_adresa, mesto, psc, ulice, cislo_popisne, cislo_orientacni) values (241, 'Praha', '700 70', 'trida Generala Piky', 1793, 10);
insert into adresa (id_adresa, mesto, psc, ulice, cislo_popisne, cislo_orientacni) values (242, 'Praha', '700 70', 'Na navsi', 1122, 12);
insert into adresa (id_adresa, mesto, psc, ulice, cislo_popisne, cislo_orientacni) values (243, 'Praha', '520 00', 'Krkoskova', 4937, 5);
insert into adresa (id_adresa, mesto, psc, ulice, cislo_popisne, cislo_orientacni) values (244, 'Praha', '520 00', 'rezacova', 3812, 11);
insert into adresa (id_adresa, mesto, psc, ulice, cislo_popisne, cislo_orientacni) values (245, 'Praha', '520 00', 'Na rychte', 7852, 10);
insert into adresa (id_adresa, mesto, psc, ulice, cislo_popisne, cislo_orientacni) values (246, 'Praha', '520 00', 'Sobotkova', 283, 16);
insert into adresa (id_adresa, mesto, psc, ulice, cislo_popisne, cislo_orientacni) values (247, 'Praha', '170 80', 'Kaminky', 4463, 9);
insert into adresa (id_adresa, mesto, psc, ulice, cislo_popisne, cislo_orientacni) values (248, 'Praha', '170 80', 'Edisonova', 8666, 5);
insert into adresa (id_adresa, mesto, psc, ulice, cislo_popisne, cislo_orientacni) values (249, 'Praha', '170 80', 'svestkova', 4115, 5);
insert into adresa (id_adresa, mesto, psc, ulice, cislo_popisne, cislo_orientacni) values (250, 'Praha', '170 80', 'namesti Svornosti', 6765, 14);
insert into adresa (id_adresa, mesto, psc, ulice, cislo_popisne, cislo_orientacni) values (251, 'Praha', '170 80', 'Antala Staska', 404, 15);
insert into adresa (id_adresa, mesto, psc, ulice, cislo_popisne, cislo_orientacni) values (252, 'Praha', '560 20', 'sestakova', 9874, 5);
insert into adresa (id_adresa, mesto, psc, ulice, cislo_popisne, cislo_orientacni) values (253, 'Praha', '560 20', 'Farskeho', 2955, 17);
insert into adresa (id_adresa, mesto, psc, ulice, cislo_popisne, cislo_orientacni) values (254, 'Praha', '560 20', 'Neklez', 8622, 15);
insert into adresa (id_adresa, mesto, psc, ulice, cislo_popisne, cislo_orientacni) values (255, 'Praha', '560 20', 'Rotreklova', 4898, 1);
insert into adresa (id_adresa, mesto, psc, ulice, cislo_popisne, cislo_orientacni) values (256, 'Praha', '140 20', 'Metodejova', 5610, 15);
insert into adresa (id_adresa, mesto, psc, ulice, cislo_popisne, cislo_orientacni) values (257, 'Praha', '140 20', 'Beloruska', 7896, 14);
insert into adresa (id_adresa, mesto, psc, ulice, cislo_popisne, cislo_orientacni) values (258, 'Praha', '190 70', 'Studanka', 3648, 12);
insert into adresa (id_adresa, mesto, psc, ulice, cislo_popisne, cislo_orientacni) values (259, 'Praha', '190 70', 'Kubova', 6971, 13);
insert into adresa (id_adresa, mesto, psc, ulice, cislo_popisne, cislo_orientacni) values (260, 'Praha', '190 70', 'Kovarenska', 3718, 2);
insert into adresa (id_adresa, mesto, psc, ulice, cislo_popisne, cislo_orientacni) values (261, 'Praha', '190 70', 'Polivkova', 2584, 20);
insert into adresa (id_adresa, mesto, psc, ulice, cislo_popisne, cislo_orientacni) values (262, 'Praha', '190 70', 'Jezuitska', 603, 11);
insert into adresa (id_adresa, mesto, psc, ulice, cislo_popisne, cislo_orientacni) values (263, 'Praha', '190 00', 'Nezvalova', 835, 15);
insert into adresa (id_adresa, mesto, psc, ulice, cislo_popisne, cislo_orientacni) values (264, 'Praha', '190 00', 'U Mostku', 2907, 15);
insert into adresa (id_adresa, mesto, psc, ulice, cislo_popisne, cislo_orientacni) values (265, 'Praha', '190 00', 'Kridlovicka', 5407, 19);
insert into adresa (id_adresa, mesto, psc, ulice, cislo_popisne, cislo_orientacni) values (266, 'Praha', '190 00', 'Hubrova', 4798, 17);
insert into adresa (id_adresa, mesto, psc, ulice, cislo_popisne, cislo_orientacni) values (267, 'Praha', '190 00', 'Masarykova', 2191, 8);
insert into adresa (id_adresa, mesto, psc, ulice, cislo_popisne, cislo_orientacni) values (268, 'Praha', '700 70', 'Zemedelska', 5617, 12);
insert into adresa (id_adresa, mesto, psc, ulice, cislo_popisne, cislo_orientacni) values (269, 'Praha', '700 70', 'cernohorska', 7892, 20);
insert into adresa (id_adresa, mesto, psc, ulice, cislo_popisne, cislo_orientacni) values (270, 'Praha', '700 70', 'Bacovskeho', 448, 3);
insert into adresa (id_adresa, mesto, psc, ulice, cislo_popisne, cislo_orientacni) values (271, 'Praha', '700 70', 'Vesela', 7239, 8);
insert into adresa (id_adresa, mesto, psc, ulice, cislo_popisne, cislo_orientacni) values (272, 'Beroun', '707 73', 'Za skolou', 213, 12);
insert into adresa (id_adresa, mesto, psc, ulice, cislo_popisne, cislo_orientacni) values (273, 'Beroun', '107 13', 'Slepa', 1973, 19);
insert into adresa (id_adresa, mesto, psc, ulice, cislo_popisne, cislo_orientacni) values (274, 'Beroun', '107 13', 'V Piskach', 2762, 11);
insert into adresa (id_adresa, mesto, psc, ulice, cislo_popisne, cislo_orientacni) values (275, 'Beroun', '107 13', 'Chleboradova', 6892, 14);
insert into adresa (id_adresa, mesto, psc, ulice, cislo_popisne, cislo_orientacni) values (276, 'Beroun', '107 13', 'Hlavkova', 9890, 10);
insert into adresa (id_adresa, mesto, psc, ulice, cislo_popisne, cislo_orientacni) values (277, 'Beroun', '197 03', 'bratri Kricku', 8009, 15);
insert into adresa (id_adresa, mesto, psc, ulice, cislo_popisne, cislo_orientacni) values (278, 'Beroun', '197 03', 'Podveska', 3847, 16);
insert into adresa (id_adresa, mesto, psc, ulice, cislo_popisne, cislo_orientacni) values (279, 'Beroun', '197 03', 'Hrazni', 6895, 1);
insert into adresa (id_adresa, mesto, psc, ulice, cislo_popisne, cislo_orientacni) values (280, 'Beroun', '197 03', 'Krivankovo namesti', 2086, 17);
insert into adresa (id_adresa, mesto, psc, ulice, cislo_popisne, cislo_orientacni) values (281, 'Beroun', '197 03', 'Ferrerova', 4345, 1);
insert into adresa (id_adresa, mesto, psc, ulice, cislo_popisne, cislo_orientacni) values (282, 'Beroun', '107 13', 'Severni', 1926, 2);
insert into adresa (id_adresa, mesto, psc, ulice, cislo_popisne, cislo_orientacni) values (283, 'Praha', '100 15', 'stefanikova', 8450, 14);
insert into adresa (id_adresa, mesto, psc, ulice, cislo_popisne, cislo_orientacni) values (284, 'Praha', '100 15', 'Valcha', 7267, 9);
insert into adresa (id_adresa, mesto, psc, ulice, cislo_popisne, cislo_orientacni) values (285, 'Praha', '100 15', 'Zahradnicka', 3367, 15);
insert into adresa (id_adresa, mesto, psc, ulice, cislo_popisne, cislo_orientacni) values (286, 'Praha', '150 00', 'Kratka', 2603, 2);
insert into adresa (id_adresa, mesto, psc, ulice, cislo_popisne, cislo_orientacni) values (287, 'Praha', '150 00', 'Nove Nivky', 8201, 15);
insert into adresa (id_adresa, mesto, psc, ulice, cislo_popisne, cislo_orientacni) values (288, 'Praha', '150 00', 'Chopinova', 646, 20);
insert into adresa (id_adresa, mesto, psc, ulice, cislo_popisne, cislo_orientacni) values (289, 'Praha', '150 00', 'Vodni', 996, 20);
insert into adresa (id_adresa, mesto, psc, ulice, cislo_popisne, cislo_orientacni) values (290, 'Praha', '150 00', 'Calabkova', 3131, 3);
insert into adresa (id_adresa, mesto, psc, ulice, cislo_popisne, cislo_orientacni) values (291, 'Praha', '100 15', 'Venhudova', 1571, 19);
insert into adresa (id_adresa, mesto, psc, ulice, cislo_popisne, cislo_orientacni) values (292, 'Praha', '100 15', 'K sidlisti', 4437, 1);
insert into adresa (id_adresa, mesto, psc, ulice, cislo_popisne, cislo_orientacni) values (293, 'Praha', '100 15', 'Na kovarne', 5378, 4);
insert into adresa (id_adresa, mesto, psc, ulice, cislo_popisne, cislo_orientacni) values (294, 'Praha', '100 15', 'Zlamanky', 3844, 16);
insert into adresa (id_adresa, mesto, psc, ulice, cislo_popisne, cislo_orientacni) values (295, 'Benešov', '115 22', 'Krizova', 6449, 14);
insert into adresa (id_adresa, mesto, psc, ulice, cislo_popisne, cislo_orientacni) values (296, 'Benešov', '115 22', 'Vrchlickeho sad', 3056, 5);
insert into adresa (id_adresa, mesto, psc, ulice, cislo_popisne, cislo_orientacni) values (297, 'Benešov', '115 22', 'Foerstrova', 6501, 13);
insert into adresa (id_adresa, mesto, psc, ulice, cislo_popisne, cislo_orientacni) values (298, 'Benešov', '115 22', 'Janouskova', 3263, 12);
insert into adresa (id_adresa, mesto, psc, ulice, cislo_popisne, cislo_orientacni) values (299, 'Benešov', '115 22', 'Bilovicka', 2190, 20);
insert into adresa (id_adresa, mesto, psc, ulice, cislo_popisne, cislo_orientacni) values (300, 'Benešov', '115 22', 'zilkova', 7266, 18);
insert into adresa (id_adresa, mesto, psc, ulice, cislo_popisne, cislo_orientacni) values (301, 'Benešov', '105 22', 'Valticka', 5206, 5);
insert into adresa (id_adresa, mesto, psc, ulice, cislo_popisne, cislo_orientacni) values (302, 'Benešov', '105 22', 'Lucni', 634, 9);
insert into adresa (id_adresa, mesto, psc, ulice, cislo_popisne, cislo_orientacni) values (303, 'Benešov', '105 22', 'Hoppova', 9986, 12);
insert into adresa (id_adresa, mesto, psc, ulice, cislo_popisne, cislo_orientacni) values (304, 'Benešov', '105 22', 'Dlouhe hony', 7325, 13);
insert into adresa (id_adresa, mesto, psc, ulice, cislo_popisne, cislo_orientacni) values (305, 'Benešov', '105 22', 'Koliste', 5194, 10);




insert into zamestnanec (id_zamestnanec, id_adresa, jmeno, plat, cislo_uctu, tel, email) values (1, 158, 'Radek Janacek', 45800,      '000000-1234567890/0600', '459 730 715', 'radejan0@hudebka.cz');
insert into zamestnanec (id_zamestnanec, id_adresa, jmeno, plat, cislo_uctu, tel, email) values (2, 139, 'Ilja Hajda', 30300,         '000000-6834667890/0700', '471 473 800', 'iljahaj@hudebka.cz');
insert into zamestnanec (id_zamestnanec, id_adresa, jmeno, plat, cislo_uctu, tel, email) values (3, 217, 'Marketa Plihalova', 34800,  '000000-5654567290/0700', '122 520 755', 'markpli@hudebka.cz');
insert into zamestnanec (id_zamestnanec, id_adresa, jmeno, plat, cislo_uctu, tel, email) values (4, 271, 'Gabriela Krulisova', 22100, '000000-2267567390/0700', '453 190 305', 'gabrkru@hudebka.cz');
insert into zamestnanec (id_zamestnanec, id_adresa, jmeno, plat, cislo_uctu, tel, email) values (5, 160, 'Lukas Kosar', 44900,        '000000-3234567590/0600', '993 658 894', 'lukakos@hudebka.cz');
insert into zamestnanec (id_zamestnanec, id_adresa, jmeno, plat, cislo_uctu, tel, email) values (6, 281, 'Richard Baca', 44300,       '000000-4785567790/0600', '642 347 098', 'richbac@hudebka.cz');
insert into zamestnanec (id_zamestnanec, id_adresa, jmeno, plat, cislo_uctu, tel, email) values (7, 85, 'Andrej Langr', 32300,        '000000-5234569990/0600', '875 994 883', 'andrlan@hudebka.cz');
insert into zamestnanec (id_zamestnanec, id_adresa, jmeno, plat, cislo_uctu, tel, email) values (8, 82, 'Sabina Bystronova', 20100,   '000000-6234568890/0600', '914 619 072', 'sabibys@hudebka.cz');
insert into zamestnanec (id_zamestnanec, id_adresa, jmeno, plat, cislo_uctu, tel, email) values (9, 257, 'Simona Valova', 48200,      '000000-7234567790/0600', '349 749 843', 'simoval@hudebka.cz');
insert into zamestnanec (id_zamestnanec, id_adresa, jmeno, plat, cislo_uctu, tel, email) values (10, 256, 'Roland sima', 43100,       '000000-1236354789/0330', '542 168 983', 'rolasim@hudebka.cz');
insert into zamestnanec (id_zamestnanec, id_adresa, jmeno, plat, cislo_uctu, tel, email) values (11, 107, 'Svatoslav Machek', 21200,  '000000-1452354754/0330', '314 232 503', 'svatmac@hudebka.cz');
insert into zamestnanec (id_zamestnanec, id_adresa, jmeno, plat, cislo_uctu, tel, email) values (12, 158, 'Otmar Klement', 38700,     '000000-6544232789/0990', '584 494 646', 'otmakle@hudebka.cz');
insert into zamestnanec (id_zamestnanec, id_adresa, jmeno, plat, cislo_uctu, tel, email) values (13, 117, 'Oto Pazout', 43700,        '000000-1242328789/0330', '202 152 798', 'otopaz@hudebka.cz');
insert into zamestnanec (id_zamestnanec, id_adresa, jmeno, plat, cislo_uctu, tel, email) values (14, 40, 'Miloslav Valka', 48400,     '000000-7825423247/0350', '351 169 345', 'miloval@hudebka.cz');
insert into zamestnanec (id_zamestnanec, id_adresa, jmeno, plat, cislo_uctu, tel, email) values (15, 89, 'Alice Mazalova', 42600,     '000000-1239524789/0330', '678 225 011', 'alicmaz@hudebka.cz');
insert into zamestnanec (id_zamestnanec, id_adresa, jmeno, plat, cislo_uctu, tel, email) values (16, 209, 'Arnost Husek', 30700,      '000000-5126354389/0330', '692 725 514', 'arnohus@hudebka.cz');
insert into zamestnanec (id_zamestnanec, id_adresa, jmeno, plat, cislo_uctu, tel, email) values (17, 289, 'Cyril Vokac', 26400,       '000000-5512784789/0330', '427 638 083', 'cyrivok@hudebka.cz');
insert into zamestnanec (id_zamestnanec, id_adresa, jmeno, plat, cislo_uctu, tel, email) values (18, 178, 'Metodej Mazur', 24400,     '000000-5498364789/0330', '422 189 500', 'metomaz@hudebka.cz');
insert into zamestnanec (id_zamestnanec, id_adresa, jmeno, plat, cislo_uctu, tel, email) values (19, 217, 'Oldriska Brejchova', 34000,'000000-4476354789/1330', '558 337 455', 'oldrbre@hudebka.cz');
insert into zamestnanec (id_zamestnanec, id_adresa, jmeno, plat, cislo_uctu, tel, email) values (20, 66, 'Denisa Pudilova', 40000,    '000000-1782363589/0330', '684 658 493', 'denipud@hudebka.cz');
insert into zamestnanec (id_zamestnanec, id_adresa, jmeno, plat, cislo_uctu, tel, email) values (21, 161, 'Otylie Karesova', 26400,   '000000-5576435495/1700', '690 873 156', 'otylkar@hudebka.cz');
insert into zamestnanec (id_zamestnanec, id_adresa, jmeno, plat, cislo_uctu, tel, email) values (22, 141, 'Bohdana Jurkova', 27300,   '000000-8467354859/0330', '845 656 811', 'bohdjurk@hudebka.cz');
insert into zamestnanec (id_zamestnanec, id_adresa, jmeno, plat, cislo_uctu, tel, email) values (23, 109, 'stepanka Pejsova', 39100,  '000000-1865454789/0330', '691 784 427', 'steppej@hudebka.cz');
insert into zamestnanec (id_zamestnanec, id_adresa, jmeno, plat, cislo_uctu, tel, email) values (24, 234, 'Hanus Simandl', 28600,     '000000-1513246790/1730', '712 977 840', 'hanusim@hudebka.cz');
insert into zamestnanec (id_zamestnanec, id_adresa, jmeno, plat, cislo_uctu, tel, email) values (25, 30, 'Renata Balikova', 20100,    '000000-3512312380/1330', '358 993 996', 'renatbal@hudebka.cz');
insert into zamestnanec (id_zamestnanec, id_adresa, jmeno, plat, cislo_uctu, tel, email) values (26, 146, 'Ivo Lang', 47000,          '000000-5764978370/0330', '414 352 962', 'ivolan@hudebka.cz');
insert into zamestnanec (id_zamestnanec, id_adresa, jmeno, plat, cislo_uctu, tel, email) values (27, 88, 'Karina Kmonickova', 47600,  '000000-5275452890/0330', '355 399 756', 'karikmo@hudebka.cz');
insert into zamestnanec (id_zamestnanec, id_adresa, jmeno, plat, cislo_uctu, tel, email) values (28, 18, 'Sobeslav Vyslouzil', 26200, '000000-1576945890/0330', '312 719 345', 'sobevys@hudebka.cz');
insert into zamestnanec (id_zamestnanec, id_adresa, jmeno, plat, cislo_uctu, tel, email) values (29, 75, 'Liliana Suvova', 44700,     '000000-1256825390/0330', '815 601 541', 'lilisuv@hudebka.cz');
insert into zamestnanec (id_zamestnanec, id_adresa, jmeno, plat, cislo_uctu, tel, email) values (30, 280, 'Natasa Konickova', 28300,  '000000-1263545768/1330', '171 475 751', 'natakon@hudebka.cz');
insert into zamestnanec (id_zamestnanec, id_adresa, jmeno, plat, cislo_uctu, tel, email) values (31, 277, 'Miroslava Janoutová', 24300,  '000000-7289645768/1330', '771 575 751', 'mirojan@hudebka.cz');


insert into zamestnanec_pozice_rel (id_pozice, id_zamestnanec) values (1, 20);
insert into zamestnanec_pozice_rel (id_pozice, id_zamestnanec) values (1, 10);
insert into zamestnanec_pozice_rel (id_pozice, id_zamestnanec) values (1, 11);
insert into zamestnanec_pozice_rel (id_pozice, id_zamestnanec) values (1, 12);
insert into zamestnanec_pozice_rel (id_pozice, id_zamestnanec) values (1, 13);
insert into zamestnanec_pozice_rel (id_pozice, id_zamestnanec) values (1, 14);
insert into zamestnanec_pozice_rel (id_pozice, id_zamestnanec) values (1, 15);
insert into zamestnanec_pozice_rel (id_pozice, id_zamestnanec) values (1, 2);
insert into zamestnanec_pozice_rel (id_pozice, id_zamestnanec) values (1, 24);
insert into zamestnanec_pozice_rel (id_pozice, id_zamestnanec) values (1, 25);
insert into zamestnanec_pozice_rel (id_pozice, id_zamestnanec) values (1, 21);
insert into zamestnanec_pozice_rel (id_pozice, id_zamestnanec) values (1, 22);
insert into zamestnanec_pozice_rel (id_pozice, id_zamestnanec) values (1, 28);
insert into zamestnanec_pozice_rel (id_pozice, id_zamestnanec) values (1, 6);
insert into zamestnanec_pozice_rel (id_pozice, id_zamestnanec) values (1, 7);
insert into zamestnanec_pozice_rel (id_pozice, id_zamestnanec) values (1, 1);
insert into zamestnanec_pozice_rel (id_pozice, id_zamestnanec) values (1, 8);
insert into zamestnanec_pozice_rel (id_pozice, id_zamestnanec) values (1, 9);
insert into zamestnanec_pozice_rel (id_pozice, id_zamestnanec) values (1, 30);
insert into zamestnanec_pozice_rel (id_pozice, id_zamestnanec) values (1, 4);
insert into zamestnanec_pozice_rel (id_pozice, id_zamestnanec) values (1, 5);
insert into zamestnanec_pozice_rel (id_pozice, id_zamestnanec) values (1, 16);
insert into zamestnanec_pozice_rel (id_pozice, id_zamestnanec) values (1, 17);
insert into zamestnanec_pozice_rel (id_pozice, id_zamestnanec) values (1, 18);
insert into zamestnanec_pozice_rel (id_pozice, id_zamestnanec) values (1, 19);
/*insert into zamestnanec_pozice_rel (id_pozice, id_zamestnanec) values (2, 6);*/
insert into zamestnanec_pozice_rel (id_pozice, id_zamestnanec) values (2, 10);
insert into zamestnanec_pozice_rel (id_pozice, id_zamestnanec) values (2, 9);
insert into zamestnanec_pozice_rel (id_pozice, id_zamestnanec) values (3, 13);
insert into zamestnanec_pozice_rel (id_pozice, id_zamestnanec) values (4, 14);
insert into zamestnanec_pozice_rel (id_pozice, id_zamestnanec) values (5, 15);
insert into zamestnanec_pozice_rel (id_pozice, id_zamestnanec) values (6, 22);
insert into zamestnanec_pozice_rel (id_pozice, id_zamestnanec) values (7, 29);
insert into zamestnanec_pozice_rel (id_pozice, id_zamestnanec) values (8, 27);
insert into zamestnanec_pozice_rel (id_pozice, id_zamestnanec) values (9, 26);
insert into zamestnanec_pozice_rel (id_pozice, id_zamestnanec) values (11, 3);
insert into zamestnanec_pozice_rel (id_pozice, id_zamestnanec) values (12, 23);
insert into zamestnanec_pozice_rel (id_pozice, id_zamestnanec) values (10, 23);

insert into koncert (id_koncert, datum, misto_konani, nazev, popis) values (1, '12.05.2019', 'Městská knihovna v Praze', 'Tři představení', null);
insert into koncert (id_koncert, datum, misto_konani, nazev, popis) values (2, '15.01.2018', 'Koncertní sál školy', 'Jak čaruje hudba', null);
insert into koncert (id_koncert, datum, misto_konani, nazev, popis) values (3, '16.10.2018', 'Koncertní sál školy', 'Okresní kolo soutěží hudebníků', null);
insert into koncert (id_koncert, datum, misto_konani, nazev, popis) values (4, '10.04.2019', 'Koncertní sál školy', 'Školní kolo soutěže v sólovém přednesu', null);
insert into koncert (id_koncert, datum, misto_konani, nazev, popis) values (5, '07.01.2020', 'Koncertní sál školy', 'Okresní kolo ve hře na hudební nástroje', null);
insert into koncert (id_koncert, datum, misto_konani, nazev, popis) values (6, '02.12.2018', 'Koncertní sál školy', 'Velký koncert', null);
insert into koncert (id_koncert, datum, misto_konani, nazev, popis) values (7, '18.03.2020', 'Koncertní sál školy', 'Hudební večer', null);
insert into koncert (id_koncert, datum, misto_konani, nazev, popis) values (8, '25.03.2020', 'Koncertní sál školy', 'Předehrávka skladeb - W. A. Mozarta', null);
insert into koncert (id_koncert, datum, misto_konani, nazev, popis) values (9, '29.10.2018', 'Koncertní sál školy', 'Docela malý festival – přehlídka a okresní kolo soutěže Dětská scéna', null);
insert into koncert (id_koncert, datum, misto_konani, nazev, popis) values (10, '01.05.2018', 'Koncertní sál školy', 'Tradiční koncert', null);
insert into koncert (id_koncert, datum, misto_konani, nazev, popis) values (11, '14.06.2018', 'Koncertní sál školy', 'Hudební večer', null);
insert into koncert (id_koncert, datum, misto_konani, nazev, popis) values (12, '12.12.2019', 'Koncertní sál školy', 'Vánoční koncert', null);
insert into koncert (id_koncert, datum, misto_konani, nazev, popis) values (13, '15.03.2020', 'Koncertní sál školy', 'Hudební představení', null);
insert into koncert (id_koncert, datum, misto_konani, nazev, popis) values (14, '25.11.2019', 'Koncertní sál školy', 'Hudební večer', null);
insert into koncert (id_koncert, datum, misto_konani, nazev, popis) values (15, '26.11.2019', 'Husův sbor', 'Koncert pěveckého sboru - Slavíci', null);
insert into koncert (id_koncert, datum, misto_konani, nazev, popis) values (16, '25.04.2020', 'Koncertní sál školy', 'Vystoupeni orchestru - Knoflík', null);
insert into koncert (id_koncert, datum, misto_konani, nazev, popis) values (17, '14.03.2017', 'Koncertní sál školy', 'Velikonoční koncert', null);
insert into koncert (id_koncert, datum, misto_konani, nazev, popis) values (18, '31.05.2018', 'Koncertní sál školy', 'Jak čaruje hudba', null);
insert into koncert (id_koncert, datum, misto_konani, nazev, popis) values (19, '30.03.2019', 'Koncertní sál školy', 'Předehrávka skladeb českých skladatelů', null);
insert into koncert (id_koncert, datum, misto_konani, nazev, popis) values (20, '18.03.2028', 'Koncertní sál školy', 'Velikonoční koncert', null);
insert into koncert (id_koncert, datum, misto_konani, nazev, popis) values (21, '05.10.2018', 'Koncertní sál školy', 'Tradiční koncert', null);
insert into koncert (id_koncert, datum, misto_konani, nazev, popis) values (22, '27.11.2019', 'Koncertní sál školy', 'Tradiční koncert', null);
insert into koncert (id_koncert, datum, misto_konani, nazev, popis) values (23, '12.11.2019', 'Koncertní sál školy', 'Tradiční koncert', null);
insert into koncert (id_koncert, datum, misto_konani, nazev, popis) values (24, '21.03.2020', 'Koncertní sál školy', 'Velikonoční koncert', null);
insert into koncert (id_koncert, datum, misto_konani, nazev, popis) values (25, '04.02.2020', 'Koncertní sál školy', 'Předehrávka skladeb - A. Vivaldi', null);
insert into koncert (id_koncert, datum, misto_konani, nazev, popis) values (26, '26.02.2019', 'Koncertní sál školy', 'Předehrávka renesančních skladeb', null);
insert into koncert (id_koncert, datum, misto_konani, nazev, popis) values (27, '20.10.2018', 'Koncertní sál školy', 'Hudební večer', null);
insert into koncert (id_koncert, datum, misto_konani, nazev, popis) values (28, '04.12.2019', 'Koncertní sál školy', 'Předehrávka skladeb českých skladatelů', null);
insert into koncert (id_koncert, datum, misto_konani, nazev, popis) values (29, '12.08.2018', 'Koncertní sál školy', 'Předehrávka skladeb českých skladatelů', null);
insert into koncert (id_koncert, datum, misto_konani, nazev, popis) values (30, '13.12.2017', 'Koncertní sál školy', 'Vánoční koncert', null);
insert into koncert (id_koncert, datum, misto_konani, nazev, popis) values (31, '28.03.2018', 'Koncertní sál školy', 'Předehrávka skladeb novodobých skladatelů', null);
insert into koncert (id_koncert, datum, misto_konani, nazev, popis) values (32, '15.05.2018', 'Koncertní sál školy', 'Předehrávka skladeb barokních skladatelů', null);
insert into koncert (id_koncert, datum, misto_konani, nazev, popis) values (33, '04.10.2018', 'Koncertní sál školy', 'Vystoupeni orchestru - Knoflík', null);
insert into koncert (id_koncert, datum, misto_konani, nazev, popis) values (34, '14.01.2018', 'Koncertní sál školy', 'Koncert pěveckého sboru - Slavíci', null);
insert into koncert (id_koncert, datum, misto_konani, nazev, popis) values (35, '23.06.2018', 'Koncertní sál školy', 'Předehrávka skladeb - J. Brahmse', null);
insert into koncert (id_koncert, datum, misto_konani, nazev, popis) values (36, '17.03.2019', 'Koncertní sál školy', 'Velikonoční koncert', null);
insert into koncert (id_koncert, datum, misto_konani, nazev, popis) values (37, '13.03.2019', 'Koncertní sál školy', 'Předehrávka skladeb - Bohuslava Martinů', null );
insert into koncert (id_koncert, datum, misto_konani, nazev, popis) values (38, '08.12.2018', 'Koncertní sál školy', 'Vánoční koncert', null);
insert into koncert (id_koncert, datum, misto_konani, nazev, popis) values (39, '13.12.2017', 'Koncertní sál školy', 'Hudební večer', null);
insert into koncert (id_koncert, datum, misto_konani, nazev, popis) values (40, '04.09.2019', 'Koncertní sál školy', 'Tradiční koncert', 'Koncert trvá 1 hodinu bez přestávky a  v 19 hodin. Vstup je umožněn 20 minut před začátkem koncertu.');
insert into koncert (id_koncert, datum, misto_konani, nazev, popis) values (41, '03.01.2020', 'Koncertní sál školy', 'Tradiční koncert ', 'Koncert trvá 2 hodiny s přestávkou a  v 19 hodin. Vstup je umožněn 20 minut před začátkem koncertu.');
insert into koncert (id_koncert, datum, misto_konani, nazev, popis) values (42, '03.04.2018', 'Koncertní sál školy', 'Tradiční koncert', 'Koncert trvá 1 hodinu bez přestávky a  v 19 hodin. Vstup je umožněn 20 minut před začátkem koncertu.');
insert into koncert (id_koncert, datum, misto_konani, nazev, popis) values (43, '23.02.2018', 'Koncertní sál školy', 'Předehrávka skladeb - Antonína Dvořáka', 'Celosvětově nejznámější česká opera je vrcholným dílem skladatele Antonína Dvořáka, okouzlujícím obecenstvo již od své světové premiéry v roce 1901.');
insert into koncert (id_koncert, datum, misto_konani, nazev, popis) values (44, '06.11.2019', 'Koncertní sál školy', 'Předehrávka skladeb - W. A. Mozarta', null);
insert into koncert (id_koncert, datum, misto_konani, nazev, popis) values (45, '24.04.2019', 'Koncertní sál školy', 'Předehrávka skladeb - J. S. Bacha', null);
insert into koncert (id_koncert, datum, misto_konani, nazev, popis) values (46, '10.10.2018', 'Koncertní sál školy', 'Předehrávka skladeb - Petra Iljiče Čajkovskeho', null);
insert into koncert (id_koncert, datum, misto_konani, nazev, popis) values (47, '04.09.2018', 'Koncertní sál školy', 'Předehrávka skladeb - Dmitrije Šoštakoviče', null);
insert into koncert (id_koncert, datum, misto_konani, nazev, popis) values (48, '23.05.2018', 'Husův sbor', 'Koncert pěveckého sboru - Zlatý hlas', null);
insert into koncert (id_koncert, datum, misto_konani, nazev, popis) values (49, '17.06.2018', 'Husův sbor', 'Vystoupeni orchestru - Knoflík', null);
insert into koncert (id_koncert, datum, misto_konani, nazev, popis) values (50, '17.05.2019', 'Husův sbor', 'Vystoupeni orchestru - Knoflíček', null);

insert into lekce (id_lekce, id_zamestnanec, id_predmet, poznamka, lekce_TYPE, pro_zacatecniky) values (1, 1, 13, null, 'individualni', 1);
insert into lekce (id_lekce, id_zamestnanec, id_predmet, poznamka, lekce_TYPE, pro_zacatecniky) values (2, 1, 12, null, 'individualni', 1);
insert into lekce (id_lekce, id_zamestnanec, id_predmet, poznamka, lekce_TYPE, pro_zacatecniky) values (3, 1, 9, null, 'individualni', 1);
insert into lekce (id_lekce, id_zamestnanec, id_predmet, poznamka, lekce_TYPE, pro_zacatecniky) values (4, 2, 5, null, 'individualni', 1);
insert into lekce (id_lekce, id_zamestnanec, id_predmet, poznamka, lekce_TYPE, pro_zacatecniky) values (5, 2, 6, null, 'individualni', 1);
insert into lekce (id_lekce, id_zamestnanec, id_predmet, poznamka, lekce_TYPE, pro_zacatecniky) values (6, 6, 1, 'Zaměření na Jazz', 'individualni', 0);
insert into lekce (id_lekce, id_zamestnanec, id_predmet, poznamka, lekce_TYPE, pro_zacatecniky) values (7, 4, 2, null, 'individualni', 1);
insert into lekce (id_lekce, id_zamestnanec, id_predmet, poznamka, lekce_TYPE, pro_zacatecniky) values (8, 5, 3, null, 'individualni', 1);
insert into lekce (id_lekce, id_zamestnanec, id_predmet, poznamka, lekce_TYPE, pro_zacatecniky) values (9, 6, 1, 'Standardní výuka', 'individualni', 1);
insert into lekce (id_lekce, id_zamestnanec, id_predmet, poznamka, lekce_TYPE, pro_zacatecniky) values (10, 7, 2, null, 'individualni', 1);
insert into lekce (id_lekce, id_zamestnanec, id_predmet, poznamka, lekce_TYPE, pro_zacatecniky) values (11, 8, 3, null, 'individualni', 1);
insert into lekce (id_lekce, id_zamestnanec, id_predmet, poznamka, lekce_TYPE, pro_zacatecniky) values (12, 9, 1, 'Cílem je především zvládnout improvizaci', 'individualni', 0);
insert into lekce (id_lekce, id_zamestnanec, id_predmet, poznamka, lekce_TYPE, pro_zacatecniky) values (13, 10, 1, null, 'individualni', 1);
insert into lekce (id_lekce, id_zamestnanec, id_predmet, poznamka, lekce_TYPE, pro_zacatecniky) values (14, 11, 3, null, 'individualni', 1);
insert into lekce (id_lekce, id_zamestnanec, id_predmet, poznamka, lekce_TYPE, pro_zacatecniky) values (15, 12, 2, null, 'individualni', 1);
insert into lekce (id_lekce, id_zamestnanec, id_predmet, poznamka, lekce_TYPE, pro_zacatecniky) values (16, 13, 2, null, 'individualni', 1);
insert into lekce (id_lekce, id_zamestnanec, id_predmet, poznamka, lekce_TYPE, pro_zacatecniky) values (17, 14, 4, null, 'individualni', 1);
insert into lekce (id_lekce, id_zamestnanec, id_predmet, poznamka, lekce_TYPE, pro_zacatecniky) values (18, 15, 5, null, 'individualni', 1);
insert into lekce (id_lekce, id_zamestnanec, id_predmet, poznamka, lekce_TYPE, pro_zacatecniky) values (19, 16, 6, null, 'individualni', 1);
insert into lekce (id_lekce, id_zamestnanec, id_predmet, poznamka, lekce_TYPE, pro_zacatecniky) values (20, 17, 7, null, 'individualni', 1);
insert into lekce (id_lekce, id_zamestnanec, id_predmet, poznamka, lekce_TYPE, pro_zacatecniky) values (21, 18, 8, null, 'individualni', 1);
insert into lekce (id_lekce, id_zamestnanec, id_predmet, poznamka, lekce_TYPE, pro_zacatecniky) values (22, 19, 14, null, 'individualni', 1);
insert into lekce (id_lekce, id_zamestnanec, id_predmet, poznamka, lekce_TYPE, pro_zacatecniky) values (23, 20, 13, null, 'individualni', 1);
insert into lekce (id_lekce, id_zamestnanec, id_predmet, poznamka, lekce_TYPE, pro_zacatecniky) values (24, 21, 12, null, 'individualni', 1);
insert into lekce (id_lekce, id_zamestnanec, id_predmet, poznamka, lekce_TYPE, pro_zacatecniky) values (25, 22, 10, null, 'individualni', 1);
insert into lekce (id_lekce, id_zamestnanec, id_predmet, poznamka, lekce_TYPE, pro_zacatecniky) values (26, 24, 9, null, 'individualni', 1);
insert into lekce (id_lekce, id_zamestnanec, id_predmet, poznamka, lekce_TYPE, pro_zacatecniky) values (27, 25, 8, null, 'individualni', 1);
insert into lekce (id_lekce, id_zamestnanec, id_predmet, poznamka, lekce_TYPE, pro_zacatecniky) values (28, 28, 1, null, 'individualni', 1);
insert into lekce (id_lekce, id_zamestnanec, id_predmet, poznamka, lekce_TYPE, pro_zacatecniky) values (29, 30, 2, null, 'individualni', 1);
insert into lekce (id_lekce, id_zamestnanec, id_predmet, poznamka, lekce_TYPE, nazev_skupiny, doporucena_kapacita) values (30, 7, 15, null, 'skupinova', 'Knoflík', 20 );
insert into lekce (id_lekce, id_zamestnanec, id_predmet, poznamka, lekce_TYPE, nazev_skupiny, doporucena_kapacita) values (31, 13, 15, null, 'skupinova',  'Knoflíček', 15 );
insert into lekce (id_lekce, id_zamestnanec, id_predmet, poznamka, lekce_TYPE, nazev_skupiny, doporucena_kapacita) values (32, 31, 16, null, 'skupinova', 'Slavíci' , 20);
insert into lekce (id_lekce, id_zamestnanec, id_predmet, poznamka, lekce_TYPE, nazev_skupiny, doporucena_kapacita) values (33, 15, 17, null, 'skupinova', 'Zlatý hlas',15);


insert into zak_lekce_rel (id_zak, id_lekce) values (164, 33);
insert into zak_lekce_rel (id_zak, id_lekce) values (45, 15);
insert into zak_lekce_rel (id_zak, id_lekce) values (99, 25);
insert into zak_lekce_rel (id_zak, id_lekce) values (6, 9);
insert into zak_lekce_rel (id_zak, id_lekce) values (92, 3);
insert into zak_lekce_rel (id_zak, id_lekce) values (251, 5);
insert into zak_lekce_rel (id_zak, id_lekce) values (119, 1);
insert into zak_lekce_rel (id_zak, id_lekce) values (116, 2);
insert into zak_lekce_rel (id_zak, id_lekce) values (23, 32);
insert into zak_lekce_rel (id_zak, id_lekce) values (160, 13);
insert into zak_lekce_rel (id_zak, id_lekce) values (154, 20);
insert into zak_lekce_rel (id_zak, id_lekce) values (234, 32);
insert into zak_lekce_rel (id_zak, id_lekce) values (86, 16);
insert into zak_lekce_rel (id_zak, id_lekce) values (11, 3);
insert into zak_lekce_rel (id_zak, id_lekce) values (233, 16);
insert into zak_lekce_rel (id_zak, id_lekce) values (258, 23);
insert into zak_lekce_rel (id_zak, id_lekce) values (211, 30);
insert into zak_lekce_rel (id_zak, id_lekce) values (70, 14);
insert into zak_lekce_rel (id_zak, id_lekce) values (251, 33);
insert into zak_lekce_rel (id_zak, id_lekce) values (221, 21);
insert into zak_lekce_rel (id_zak, id_lekce) values (8, 17);
insert into zak_lekce_rel (id_zak, id_lekce) values (20, 5);
insert into zak_lekce_rel (id_zak, id_lekce) values (3, 32);
insert into zak_lekce_rel (id_zak, id_lekce) values (2, 33);
insert into zak_lekce_rel (id_zak, id_lekce) values (67, 4);
insert into zak_lekce_rel (id_zak, id_lekce) values (148, 33);
insert into zak_lekce_rel (id_zak, id_lekce) values (173, 30);
insert into zak_lekce_rel (id_zak, id_lekce) values (176, 9);
insert into zak_lekce_rel (id_zak, id_lekce) values (220, 11);
insert into zak_lekce_rel (id_zak, id_lekce) values (14, 31);
insert into zak_lekce_rel (id_zak, id_lekce) values (186, 2);
insert into zak_lekce_rel (id_zak, id_lekce) values (147, 32);
insert into zak_lekce_rel (id_zak, id_lekce) values (54, 7);
insert into zak_lekce_rel (id_zak, id_lekce) values (10, 33);
insert into zak_lekce_rel (id_zak, id_lekce) values (166, 12);
insert into zak_lekce_rel (id_zak, id_lekce) values (110, 30);
insert into zak_lekce_rel (id_zak, id_lekce) values (241, 13);
insert into zak_lekce_rel (id_zak, id_lekce) values (73, 19);
insert into zak_lekce_rel (id_zak, id_lekce) values (197, 26);
insert into zak_lekce_rel (id_zak, id_lekce) values (9, 24);
insert into zak_lekce_rel (id_zak, id_lekce) values (76, 21);
insert into zak_lekce_rel (id_zak, id_lekce) values (37, 33);
insert into zak_lekce_rel (id_zak, id_lekce) values (69, 13);
insert into zak_lekce_rel (id_zak, id_lekce) values (72, 1);
insert into zak_lekce_rel (id_zak, id_lekce) values (253, 17);
insert into zak_lekce_rel (id_zak, id_lekce) values (16, 32);
insert into zak_lekce_rel (id_zak, id_lekce) values (205, 18);
insert into zak_lekce_rel (id_zak, id_lekce) values (230, 26);
insert into zak_lekce_rel (id_zak, id_lekce) values (249, 10);
insert into zak_lekce_rel (id_zak, id_lekce) values (89, 23);
insert into zak_lekce_rel (id_zak, id_lekce) values (161, 9);
insert into zak_lekce_rel (id_zak, id_lekce) values (66, 8);
insert into zak_lekce_rel (id_zak, id_lekce) values (186, 33);
insert into zak_lekce_rel (id_zak, id_lekce) values (180, 24);
insert into zak_lekce_rel (id_zak, id_lekce) values (74, 10);
insert into zak_lekce_rel (id_zak, id_lekce) values (43, 9);
insert into zak_lekce_rel (id_zak, id_lekce) values (3, 33);
insert into zak_lekce_rel (id_zak, id_lekce) values (143, 28);
insert into zak_lekce_rel (id_zak, id_lekce) values (145, 18);
insert into zak_lekce_rel (id_zak, id_lekce) values (29, 11);
insert into zak_lekce_rel (id_zak, id_lekce) values (46, 25);
insert into zak_lekce_rel (id_zak, id_lekce) values (188, 8);
insert into zak_lekce_rel (id_zak, id_lekce) values (23, 26);
insert into zak_lekce_rel (id_zak, id_lekce) values (148, 8);
insert into zak_lekce_rel (id_zak, id_lekce) values (128, 25);
insert into zak_lekce_rel (id_zak, id_lekce) values (252, 3);
insert into zak_lekce_rel (id_zak, id_lekce) values (7, 4);
insert into zak_lekce_rel (id_zak, id_lekce) values (50, 17);
insert into zak_lekce_rel (id_zak, id_lekce) values (91, 25);
insert into zak_lekce_rel (id_zak, id_lekce) values (49, 19);
insert into zak_lekce_rel (id_zak, id_lekce) values (81, 15);
insert into zak_lekce_rel (id_zak, id_lekce) values (144, 13);
insert into zak_lekce_rel (id_zak, id_lekce) values (3, 8);
insert into zak_lekce_rel (id_zak, id_lekce) values (115, 10);
insert into zak_lekce_rel (id_zak, id_lekce) values (203, 14);
insert into zak_lekce_rel (id_zak, id_lekce) values (142, 25);
insert into zak_lekce_rel (id_zak, id_lekce) values (222, 29);
insert into zak_lekce_rel (id_zak, id_lekce) values (58, 2);
insert into zak_lekce_rel (id_zak, id_lekce) values (36, 25);
insert into zak_lekce_rel (id_zak, id_lekce) values (82, 31);
insert into zak_lekce_rel (id_zak, id_lekce) values (218, 31);
insert into zak_lekce_rel (id_zak, id_lekce) values (32, 14);
insert into zak_lekce_rel (id_zak, id_lekce) values (85, 12);
insert into zak_lekce_rel (id_zak, id_lekce) values (217, 21);
insert into zak_lekce_rel (id_zak, id_lekce) values (157, 30);
insert into zak_lekce_rel (id_zak, id_lekce) values (113, 11);
insert into zak_lekce_rel (id_zak, id_lekce) values (62, 3);
insert into zak_lekce_rel (id_zak, id_lekce) values (141, 16);
insert into zak_lekce_rel (id_zak, id_lekce) values (82, 14);
insert into zak_lekce_rel (id_zak, id_lekce) values (42, 28);
insert into zak_lekce_rel (id_zak, id_lekce) values (96, 5);
insert into zak_lekce_rel (id_zak, id_lekce) values (18, 32);
insert into zak_lekce_rel (id_zak, id_lekce) values (194, 8);
insert into zak_lekce_rel (id_zak, id_lekce) values (80, 26);
insert into zak_lekce_rel (id_zak, id_lekce) values (255, 13);
insert into zak_lekce_rel (id_zak, id_lekce) values (71, 8);
insert into zak_lekce_rel (id_zak, id_lekce) values (123, 16);
insert into zak_lekce_rel (id_zak, id_lekce) values (139, 16);
insert into zak_lekce_rel (id_zak, id_lekce) values (40, 31);
insert into zak_lekce_rel (id_zak, id_lekce) values (232, 17);
insert into zak_lekce_rel (id_zak, id_lekce) values (168, 30);
insert into zak_lekce_rel (id_zak, id_lekce) values (32, 31);
insert into zak_lekce_rel (id_zak, id_lekce) values (200, 27);
insert into zak_lekce_rel (id_zak, id_lekce) values (44, 16);
insert into zak_lekce_rel (id_zak, id_lekce) values (184, 7);
insert into zak_lekce_rel (id_zak, id_lekce) values (88, 8);
insert into zak_lekce_rel (id_zak, id_lekce) values (91, 32);
insert into zak_lekce_rel (id_zak, id_lekce) values (159, 14);
insert into zak_lekce_rel (id_zak, id_lekce) values (91, 31);
insert into zak_lekce_rel (id_zak, id_lekce) values (252, 33);
insert into zak_lekce_rel (id_zak, id_lekce) values (256, 28);
insert into zak_lekce_rel (id_zak, id_lekce) values (242, 5);
insert into zak_lekce_rel (id_zak, id_lekce) values (260, 10);
insert into zak_lekce_rel (id_zak, id_lekce) values (158, 32);
insert into zak_lekce_rel (id_zak, id_lekce) values (199, 31);
insert into zak_lekce_rel (id_zak, id_lekce) values (140, 9);
insert into zak_lekce_rel (id_zak, id_lekce) values (204, 24);
insert into zak_lekce_rel (id_zak, id_lekce) values (257, 32);
insert into zak_lekce_rel (id_zak, id_lekce) values (177, 13);
insert into zak_lekce_rel (id_zak, id_lekce) values (83, 15);
insert into zak_lekce_rel (id_zak, id_lekce) values (175, 9);
insert into zak_lekce_rel (id_zak, id_lekce) values (189, 31);
insert into zak_lekce_rel (id_zak, id_lekce) values (110, 8);
insert into zak_lekce_rel (id_zak, id_lekce) values (53, 9);
insert into zak_lekce_rel (id_zak, id_lekce) values (65, 25);
insert into zak_lekce_rel (id_zak, id_lekce) values (165, 19);
insert into zak_lekce_rel (id_zak, id_lekce) values (152, 30);
insert into zak_lekce_rel (id_zak, id_lekce) values (240, 19);
insert into zak_lekce_rel (id_zak, id_lekce) values (27, 1);
insert into zak_lekce_rel (id_zak, id_lekce) values (218, 10);
insert into zak_lekce_rel (id_zak, id_lekce) values (100, 9);
insert into zak_lekce_rel (id_zak, id_lekce) values (162, 29);
insert into zak_lekce_rel (id_zak, id_lekce) values (4, 1);
insert into zak_lekce_rel (id_zak, id_lekce) values (124, 31);
insert into zak_lekce_rel (id_zak, id_lekce) values (114, 17);
insert into zak_lekce_rel (id_zak, id_lekce) values (51, 5);
insert into zak_lekce_rel (id_zak, id_lekce) values (201, 23);
insert into zak_lekce_rel (id_zak, id_lekce) values (182, 18);
insert into zak_lekce_rel (id_zak, id_lekce) values (78, 25);
insert into zak_lekce_rel (id_zak, id_lekce) values (163, 33);
insert into zak_lekce_rel (id_zak, id_lekce) values (209, 15);
insert into zak_lekce_rel (id_zak, id_lekce) values (28, 33);
insert into zak_lekce_rel (id_zak, id_lekce) values (105, 3);
insert into zak_lekce_rel (id_zak, id_lekce) values (117, 4);
insert into zak_lekce_rel (id_zak, id_lekce) values (48, 6);
insert into zak_lekce_rel (id_zak, id_lekce) values (122, 11);
insert into zak_lekce_rel (id_zak, id_lekce) values (212, 13);
insert into zak_lekce_rel (id_zak, id_lekce) values (239, 33);
insert into zak_lekce_rel (id_zak, id_lekce) values (108, 11);
insert into zak_lekce_rel (id_zak, id_lekce) values (115, 30);
insert into zak_lekce_rel (id_zak, id_lekce) values (30, 20);
insert into zak_lekce_rel (id_zak, id_lekce) values (228, 15);
insert into zak_lekce_rel (id_zak, id_lekce) values (87, 8);
insert into zak_lekce_rel (id_zak, id_lekce) values (26, 22);
insert into zak_lekce_rel (id_zak, id_lekce) values (98, 4);
insert into zak_lekce_rel (id_zak, id_lekce) values (224, 14);
insert into zak_lekce_rel (id_zak, id_lekce) values (185, 32);
insert into zak_lekce_rel (id_zak, id_lekce) values (208, 20);
insert into zak_lekce_rel (id_zak, id_lekce) values (191, 22);
insert into zak_lekce_rel (id_zak, id_lekce) values (226, 10);
insert into zak_lekce_rel (id_zak, id_lekce) values (215, 15);
insert into zak_lekce_rel (id_zak, id_lekce) values (127, 32);
insert into zak_lekce_rel (id_zak, id_lekce) values (19, 27);
insert into zak_lekce_rel (id_zak, id_lekce) values (95, 4);
insert into zak_lekce_rel (id_zak, id_lekce) values (31, 6);
insert into zak_lekce_rel (id_zak, id_lekce) values (189, 29);
insert into zak_lekce_rel (id_zak, id_lekce) values (219, 12);
insert into zak_lekce_rel (id_zak, id_lekce) values (129, 33);
insert into zak_lekce_rel (id_zak, id_lekce) values (156, 9);
insert into zak_lekce_rel (id_zak, id_lekce) values (11, 33);
insert into zak_lekce_rel (id_zak, id_lekce) values (113, 31);
insert into zak_lekce_rel (id_zak, id_lekce) values (185, 2);
insert into zak_lekce_rel (id_zak, id_lekce) values (187, 14);
insert into zak_lekce_rel (id_zak, id_lekce) values (84, 26);
insert into zak_lekce_rel (id_zak, id_lekce) values (214, 11);
insert into zak_lekce_rel (id_zak, id_lekce) values (90, 22);
insert into zak_lekce_rel (id_zak, id_lekce) values (171, 25);
insert into zak_lekce_rel (id_zak, id_lekce) values (138, 19);
insert into zak_lekce_rel (id_zak, id_lekce) values (109, 3);
insert into zak_lekce_rel (id_zak, id_lekce) values (118, 26);
insert into zak_lekce_rel (id_zak, id_lekce) values (130, 26);
insert into zak_lekce_rel (id_zak, id_lekce) values (229, 10);
insert into zak_lekce_rel (id_zak, id_lekce) values (237, 24);
insert into zak_lekce_rel (id_zak, id_lekce) values (1, 26);
insert into zak_lekce_rel (id_zak, id_lekce) values (135, 31);
insert into zak_lekce_rel (id_zak, id_lekce) values (77, 10);
insert into zak_lekce_rel (id_zak, id_lekce) values (227, 13);
insert into zak_lekce_rel (id_zak, id_lekce) values (85, 32);
insert into zak_lekce_rel (id_zak, id_lekce) values (146, 15);
insert into zak_lekce_rel (id_zak, id_lekce) values (104, 16);
insert into zak_lekce_rel (id_zak, id_lekce) values (239, 4);
insert into zak_lekce_rel (id_zak, id_lekce) values (195, 13);
insert into zak_lekce_rel (id_zak, id_lekce) values (126, 27);
insert into zak_lekce_rel (id_zak, id_lekce) values (59, 13);
insert into zak_lekce_rel (id_zak, id_lekce) values (257, 26);
insert into zak_lekce_rel (id_zak, id_lekce) values (124, 29);
insert into zak_lekce_rel (id_zak, id_lekce) values (248, 8);
insert into zak_lekce_rel (id_zak, id_lekce) values (17, 7);
insert into zak_lekce_rel (id_zak, id_lekce) values (121, 20);
insert into zak_lekce_rel (id_zak, id_lekce) values (174, 3);
insert into zak_lekce_rel (id_zak, id_lekce) values (246, 32);
insert into zak_lekce_rel (id_zak, id_lekce) values (102, 32);
insert into zak_lekce_rel (id_zak, id_lekce) values (158, 10);
insert into zak_lekce_rel (id_zak, id_lekce) values (131, 15);
insert into zak_lekce_rel (id_zak, id_lekce) values (79, 10);
insert into zak_lekce_rel (id_zak, id_lekce) values (28, 3);
insert into zak_lekce_rel (id_zak, id_lekce) values (216, 15);
insert into zak_lekce_rel (id_zak, id_lekce) values (210, 28);
insert into zak_lekce_rel (id_zak, id_lekce) values (235, 16);
insert into zak_lekce_rel (id_zak, id_lekce) values (39, 23);
insert into zak_lekce_rel (id_zak, id_lekce) values (207, 21);
insert into zak_lekce_rel (id_zak, id_lekce) values (250, 26);
insert into zak_lekce_rel (id_zak, id_lekce) values (231, 2);
insert into zak_lekce_rel (id_zak, id_lekce) values (240, 31);
insert into zak_lekce_rel (id_zak, id_lekce) values (77, 30);
insert into zak_lekce_rel (id_zak, id_lekce) values (68, 8);
insert into zak_lekce_rel (id_zak, id_lekce) values (132, 18);
insert into zak_lekce_rel (id_zak, id_lekce) values (33, 17);
insert into zak_lekce_rel (id_zak, id_lekce) values (102, 28);
insert into zak_lekce_rel (id_zak, id_lekce) values (3, 30);
insert into zak_lekce_rel (id_zak, id_lekce) values (14, 16);
insert into zak_lekce_rel (id_zak, id_lekce) values (125, 23);
insert into zak_lekce_rel (id_zak, id_lekce) values (259, 26);
insert into zak_lekce_rel (id_zak, id_lekce) values (34, 32);
insert into zak_lekce_rel (id_zak, id_lekce) values (155, 16);
insert into zak_lekce_rel (id_zak, id_lekce) values (254, 12);
insert into zak_lekce_rel (id_zak, id_lekce) values (192, 28);
insert into zak_lekce_rel (id_zak, id_lekce) values (133, 23);
insert into zak_lekce_rel (id_zak, id_lekce) values (163, 8);
insert into zak_lekce_rel (id_zak, id_lekce) values (55, 7);
insert into zak_lekce_rel (id_zak, id_lekce) values (135, 29);
insert into zak_lekce_rel (id_zak, id_lekce) values (225, 25);
insert into zak_lekce_rel (id_zak, id_lekce) values (137, 24);
insert into zak_lekce_rel (id_zak, id_lekce) values (202, 5);
insert into zak_lekce_rel (id_zak, id_lekce) values (10, 8);
insert into zak_lekce_rel (id_zak, id_lekce) values (213, 32);
insert into zak_lekce_rel (id_zak, id_lekce) values (56, 14);
insert into zak_lekce_rel (id_zak, id_lekce) values (193, 25);
insert into zak_lekce_rel (id_zak, id_lekce) values (167, 28);
insert into zak_lekce_rel (id_zak, id_lekce) values (229, 30);
insert into zak_lekce_rel (id_zak, id_lekce) values (93, 2);
insert into zak_lekce_rel (id_zak, id_lekce) values (194, 30);
insert into zak_lekce_rel (id_zak, id_lekce) values (22, 3);
insert into zak_lekce_rel (id_zak, id_lekce) values (103, 3);
insert into zak_lekce_rel (id_zak, id_lekce) values (170, 17);
insert into zak_lekce_rel (id_zak, id_lekce) values (238, 30);
insert into zak_lekce_rel (id_zak, id_lekce) values (52, 6);
insert into zak_lekce_rel (id_zak, id_lekce) values (152, 31);
insert into zak_lekce_rel (id_zak, id_lekce) values (154, 31);
insert into zak_lekce_rel (id_zak, id_lekce) values (236, 10);
insert into zak_lekce_rel (id_zak, id_lekce) values (179, 13);
insert into zak_lekce_rel (id_zak, id_lekce) values (40, 16);
insert into zak_lekce_rel (id_zak, id_lekce) values (149, 10);
insert into zak_lekce_rel (id_zak, id_lekce) values (239, 30);
insert into zak_lekce_rel (id_zak, id_lekce) values (245, 11);
insert into zak_lekce_rel (id_zak, id_lekce) values (183, 26);
insert into zak_lekce_rel (id_zak, id_lekce) values (64, 24);
insert into zak_lekce_rel (id_zak, id_lekce) values (164, 9);
insert into zak_lekce_rel (id_zak, id_lekce) values (41, 22);
insert into zak_lekce_rel (id_zak, id_lekce) values (107, 19);
insert into zak_lekce_rel (id_zak, id_lekce) values (172, 27);
insert into zak_lekce_rel (id_zak, id_lekce) values (136, 11);
insert into zak_lekce_rel (id_zak, id_lekce) values (75, 8);
insert into zak_lekce_rel (id_zak, id_lekce) values (149, 30);
insert into zak_lekce_rel (id_zak, id_lekce) values (57, 9);
insert into zak_lekce_rel (id_zak, id_lekce) values (243, 31);
insert into zak_lekce_rel (id_zak, id_lekce) values (38, 25);
insert into zak_lekce_rel (id_zak, id_lekce) values (151, 32);
insert into zak_lekce_rel (id_zak, id_lekce) values (5, 22);
insert into zak_lekce_rel (id_zak, id_lekce) values (199, 29);
insert into zak_lekce_rel (id_zak, id_lekce) values (15, 9);
insert into zak_lekce_rel (id_zak, id_lekce) values (60, 9);
insert into zak_lekce_rel (id_zak, id_lekce) values (106, 10);
insert into zak_lekce_rel (id_zak, id_lekce) values (35, 3);
insert into zak_lekce_rel (id_zak, id_lekce) values (181, 30);
insert into zak_lekce_rel (id_zak, id_lekce) values (206, 32);
insert into zak_lekce_rel (id_zak, id_lekce) values (223, 32);
insert into zak_lekce_rel (id_zak, id_lekce) values (161, 33);
insert into zak_lekce_rel (id_zak, id_lekce) values (157, 31);
insert into zak_lekce_rel (id_zak, id_lekce) values (168, 8);
insert into zak_lekce_rel (id_zak, id_lekce) values (169, 20);
insert into zak_lekce_rel (id_zak, id_lekce) values (97, 21);
insert into zak_lekce_rel (id_zak, id_lekce) values (150, 13);
insert into zak_lekce_rel (id_zak, id_lekce) values (111, 3);
insert into zak_lekce_rel (id_zak, id_lekce) values (24, 9);
insert into zak_lekce_rel (id_zak, id_lekce) values (21, 18);
insert into zak_lekce_rel (id_zak, id_lekce) values (63, 13);
insert into zak_lekce_rel (id_zak, id_lekce) values (178, 13);
insert into zak_lekce_rel (id_zak, id_lekce) values (129, 9);
insert into zak_lekce_rel (id_zak, id_lekce) values (198, 28);
insert into zak_lekce_rel (id_zak, id_lekce) values (101, 16);
insert into zak_lekce_rel (id_zak, id_lekce) values (157, 7);
insert into zak_lekce_rel (id_zak, id_lekce) values (196, 20);
insert into zak_lekce_rel (id_zak, id_lekce) values (211, 33);
insert into zak_lekce_rel (id_zak, id_lekce) values (218, 33);
insert into zak_lekce_rel (id_zak, id_lekce) values (211, 7);
insert into zak_lekce_rel (id_zak, id_lekce) values (153, 15);
insert into zak_lekce_rel (id_zak, id_lekce) values (25, 24);
insert into zak_lekce_rel (id_zak, id_lekce) values (134, 15);
insert into zak_lekce_rel (id_zak, id_lekce) values (61, 22);
insert into zak_lekce_rel (id_zak, id_lekce) values (2, 8);
insert into zak_lekce_rel (id_zak, id_lekce) values (112, 23);
insert into zak_lekce_rel (id_zak, id_lekce) values (251, 30);
insert into zak_lekce_rel (id_zak, id_lekce) values (190, 9);
insert into zak_lekce_rel (id_zak, id_lekce) values (243, 16);
insert into zak_lekce_rel (id_zak, id_lekce) values (120, 32);
insert into zak_lekce_rel (id_zak, id_lekce) values (181, 7);
insert into zak_lekce_rel (id_zak, id_lekce) values (238, 7);
insert into zak_lekce_rel (id_zak, id_lekce) values (122, 31);
insert into zak_lekce_rel (id_zak, id_lekce) values (13, 22);
insert into zak_lekce_rel (id_zak, id_lekce) values (236, 30);
insert into zak_lekce_rel (id_zak, id_lekce) values (246, 2);
insert into zak_lekce_rel (id_zak, id_lekce) values (47, 10);
insert into zak_lekce_rel (id_zak, id_lekce) values (188, 33);
insert into zak_lekce_rel (id_zak, id_lekce) values (173, 7);
insert into zak_lekce_rel (id_zak, id_lekce) values (244, 18);
insert into zak_lekce_rel (id_zak, id_lekce) values (94, 4);
insert into zak_lekce_rel (id_zak, id_lekce) values (147, 17);
insert into zak_lekce_rel (id_zak, id_lekce) values (152, 7);
insert into zak_lekce_rel (id_zak, id_lekce) values (247, 3);
insert into zak_lekce_rel (id_zak, id_lekce) values (37, 1);
insert into zak_lekce_rel (id_zak, id_lekce) values (12, 5);
insert into zak_lekce_rel (id_zak, id_lekce) values (6, 6);


insert into zakonny_zastupce (id_zakonny_zastupce, jmeno, email, tel) values (1, 'Veronika Dušejovská', 'dusever@gmail.com', '265 694 571');
insert into zakonny_zastupce (id_zakonny_zastupce, jmeno, email, tel) values (2, 'Josef Morava', 'morajos@seznam.cz', '704 905 965');
insert into zakonny_zastupce (id_zakonny_zastupce, jmeno, email, tel) values (3, 'Mariya Pohunková', 'pohumar@seznam.cz', '533 715 600');
insert into zakonny_zastupce (id_zakonny_zastupce, jmeno, email, tel) values (4, 'Marie Gušlová', 'guslmar@email.cz', '358 949 565');
insert into zakonny_zastupce (id_zakonny_zastupce, jmeno, email, tel) values (5, 'Alena Chlumecká', 'chluale@seznam.cz', '199 633 665');
insert into zakonny_zastupce (id_zakonny_zastupce, jmeno, email, tel) values (6, 'Martin Lorenc', 'loremar@gmail.com', '313 934 940');
insert into zakonny_zastupce (id_zakonny_zastupce, jmeno, email, tel) values (7, 'Miroslava Šnajdarová', 'snajmir@gmail.com', '308 786 283');
insert into zakonny_zastupce (id_zakonny_zastupce, jmeno, email, tel) values (8, 'Jaroslav Maslák', 'masljar@seznam.cz', '855 828 480');
insert into zakonny_zastupce (id_zakonny_zastupce, jmeno, email, tel) values (9, 'Jitka Janečková', 'janejit@seznam.cz', '692 483 697');
insert into zakonny_zastupce (id_zakonny_zastupce, jmeno, email, tel) values (10, 'Ondřej Paclík', 'paclond@email.cz', '645 389 194');
insert into zakonny_zastupce (id_zakonny_zastupce, jmeno, email, tel) values (11, 'Miroslava Krtková', 'krtkmir@gmail.com', '339 821 148');
insert into zakonny_zastupce (id_zakonny_zastupce, jmeno, email, tel) values (12, 'Zuzana Chroňáková', 'chrozuz@seznam.cz', '519 436 655');
insert into zakonny_zastupce (id_zakonny_zastupce, jmeno, email, tel) values (13, 'Viktor Raszka', 'raszvik@seznam.cz', '908 969 225');
insert into zakonny_zastupce (id_zakonny_zastupce, jmeno, email, tel) values (14, 'Jiřina Koprnická', 'koprjir@seznam.cz', '856 900 816');
insert into zakonny_zastupce (id_zakonny_zastupce, jmeno, email, tel) values (15, 'Berta Řezáčová', 'rezaber@email.cz', '880 928 595');
insert into zakonny_zastupce (id_zakonny_zastupce, jmeno, email, tel) values (16, 'Karel Mottl', 'mottkar@seznam.cz', '771 795 860');
insert into zakonny_zastupce (id_zakonny_zastupce, jmeno, email, tel) values (17, 'Denisa Donátová', 'donaden@seznam.cz', '308 185 483');
insert into zakonny_zastupce (id_zakonny_zastupce, jmeno, email, tel) values (18, 'Milana Rychlingová', 'rychmil@seznam.cz', '862 337 672');
insert into zakonny_zastupce (id_zakonny_zastupce, jmeno, email, tel) values (19, 'Světla Urbanová', 'urbasve@seznam.cz', '738 985 726');
insert into zakonny_zastupce (id_zakonny_zastupce, jmeno, email, tel) values (20, 'Marián Švihla', 'svihmar@gmail.com', '481 793 493');
insert into zakonny_zastupce (id_zakonny_zastupce, jmeno, email, tel) values (21, 'Jana Charalambidis', 'charjan@gmail.com', '770 655 123');
insert into zakonny_zastupce (id_zakonny_zastupce, jmeno, email, tel) values (22, 'Tamara Hronová', 'hrontam@seznam.cz', '689 185 565');
insert into zakonny_zastupce (id_zakonny_zastupce, jmeno, email, tel) values (23, 'Petr Šindler', 'sindpet@email.cz', '828 845 139');
insert into zakonny_zastupce (id_zakonny_zastupce, jmeno, email, tel) values (24, 'Edita Prágrová', 'pragedi@gmail.com', '560 661 604');
insert into zakonny_zastupce (id_zakonny_zastupce, jmeno, email, tel) values (25, 'Sara Lysá', 'lysasar@gmail.com', '853 422 262');
insert into zakonny_zastupce (id_zakonny_zastupce, jmeno, email, tel) values (26, 'Věra Lišková', 'liskver@seznam.cz', '656 441 120');
insert into zakonny_zastupce (id_zakonny_zastupce, jmeno, email, tel) values (27, 'Jan Hendrych', 'hendjan@seznam.cz', '635 399 290');
insert into zakonny_zastupce (id_zakonny_zastupce, jmeno, email, tel) values (28, 'Kateřina Kročilová', 'krockat@seznam.cz', '602 294 303');
insert into zakonny_zastupce (id_zakonny_zastupce, jmeno, email, tel) values (29, 'Anna Konopásková', 'konoann@gmail.com', '931 726 152');
insert into zakonny_zastupce (id_zakonny_zastupce, jmeno, email, tel) values (30, 'Roman Petera', 'peterom@seznam.cz', '147 542 415');
insert into zakonny_zastupce (id_zakonny_zastupce, jmeno, email, tel) values (31, 'Martina Doležalová', 'dolemar@seznam.cz', '251 486 964');
insert into zakonny_zastupce (id_zakonny_zastupce, jmeno, email, tel) values (32, 'Marek Chlumský', 'chlumar@email.cz', '713 665 730');
insert into zakonny_zastupce (id_zakonny_zastupce, jmeno, email, tel) values (33, 'František Kučera', 'kucefra@gmail.com', '734 584 933');
insert into zakonny_zastupce (id_zakonny_zastupce, jmeno, email, tel) values (34, 'Erik Rujzl', 'rujzeri@seznam.cz', '950 627 143');
insert into zakonny_zastupce (id_zakonny_zastupce, jmeno, email, tel) values (35, 'Vlastislav Píša', 'pisavla@seznam.cz', '792 448 211');
insert into zakonny_zastupce (id_zakonny_zastupce, jmeno, email, tel) values (36, 'Michaela Jakschová', 'jaksmic@gmail.com', '344 301 960');
insert into zakonny_zastupce (id_zakonny_zastupce, jmeno, email, tel) values (37, 'Šárka Jelínková', 'jelisar@seznam.cz', '202 222 515');
insert into zakonny_zastupce (id_zakonny_zastupce, jmeno, email, tel) values (38, 'Štěpán Pokluda', 'poklste@gmail.com', '578 715 480');
insert into zakonny_zastupce (id_zakonny_zastupce, jmeno, email, tel) values (39, 'Jan Štefek', 'stefjan@seznam.cz', '466 762 725');
insert into zakonny_zastupce (id_zakonny_zastupce, jmeno, email, tel) values (40, 'Silvie Koudelková', 'koudsil@seznam.cz', '476 584 506');
insert into zakonny_zastupce (id_zakonny_zastupce, jmeno, email, tel) values (41, 'Samuel Plzák', 'plzasam@gmail.com', '467 583 182');
insert into zakonny_zastupce (id_zakonny_zastupce, jmeno, email, tel) values (42, 'Michal Gorol', 'goromic@email.cz', '241 540 780');
insert into zakonny_zastupce (id_zakonny_zastupce, jmeno, email, tel) values (43, 'Ivana Machálková', 'machiva@seznam.cz', '866 184 789');
insert into zakonny_zastupce (id_zakonny_zastupce, jmeno, email, tel) values (44, 'Olga Trombiková', 'tromolg@seznam.cz', '491 487 400');
insert into zakonny_zastupce (id_zakonny_zastupce, jmeno, email, tel) values (45, 'Karolína Veselá', 'vesekar@email.cz', '124 839 715');
insert into zakonny_zastupce (id_zakonny_zastupce, jmeno, email, tel) values (46, 'Pavel Coufal', 'coufpav@seznam.cz', '457 700 581');
insert into zakonny_zastupce (id_zakonny_zastupce, jmeno, email, tel) values (47, 'Martin Pospíšil', 'pospmar@seznam.cz', '619 782 523');
insert into zakonny_zastupce (id_zakonny_zastupce, jmeno, email, tel) values (48, 'Veronika Králová', 'kralver@seznam.cz', '695 314 407');
insert into zakonny_zastupce (id_zakonny_zastupce, jmeno, email, tel) values (49, 'Michal Řehoř', 'rehomic@gmail.com', '235 927 954');
insert into zakonny_zastupce (id_zakonny_zastupce, jmeno, email, tel) values (50, 'Jindřiška Fialová', 'fialjin@email.cz', '879 633 806');
insert into zakonny_zastupce (id_zakonny_zastupce, jmeno, email, tel) values (51, 'Stanislav Ježa', 'jezasta@seznam.cz', '420 138 972');
insert into zakonny_zastupce (id_zakonny_zastupce, jmeno, email, tel) values (52, 'Radka Říhová', 'rihorad@seznam.cz', '764 971 485');
insert into zakonny_zastupce (id_zakonny_zastupce, jmeno, email, tel) values (53, 'David Píšek', 'pisedav@yahoo.com', '213 798 831');
insert into zakonny_zastupce (id_zakonny_zastupce, jmeno, email, tel) values (54, 'Vendula Hradilová', 'hradven@seznam.cz', '915 733 200');
insert into zakonny_zastupce (id_zakonny_zastupce, jmeno, email, tel) values (55, 'Libuše Bürgermeisterová', 'burglib@gmail.com', '685 665 521');
insert into zakonny_zastupce (id_zakonny_zastupce, jmeno, email, tel) values (56, 'Hana Hovorková', 'hovohan@seznam.cz', '655 281 595');
insert into zakonny_zastupce (id_zakonny_zastupce, jmeno, email, tel) values (57, 'Milana Królikowská', 'krolmil@gmail.com', '415 621 124');
insert into zakonny_zastupce (id_zakonny_zastupce, jmeno, email, tel) values (58, 'Petr Koníček', 'konipet@seznam.cz', '757 175 587');
insert into zakonny_zastupce (id_zakonny_zastupce, jmeno, email, tel) values (59, 'Ladislav Procházka', 'proclad@email.cz', '576 849 978');
insert into zakonny_zastupce (id_zakonny_zastupce, jmeno, email, tel) values (60, 'Patrik Kotouč', 'kotopat@yahoo.com', '669 740 830');
insert into zakonny_zastupce (id_zakonny_zastupce, jmeno, email, tel) values (61, 'Zdeňka Lopraisová', 'loprzde@seznam.cz', '247 175 710');
insert into zakonny_zastupce (id_zakonny_zastupce, jmeno, email, tel) values (62, 'Angelika Slatinská', 'slatang@email.cz', '969 373 285');
insert into zakonny_zastupce (id_zakonny_zastupce, jmeno, email, tel) values (63, 'Andrea Bahenská', 'baheand@gmail.com', '325 822 407');
insert into zakonny_zastupce (id_zakonny_zastupce, jmeno, email, tel) values (64, 'František Tichý', 'tichfra@seznam.cz', '882 195 223');
insert into zakonny_zastupce (id_zakonny_zastupce, jmeno, email, tel) values (65, 'Lucie Janků', 'jankluc@seznam.cz', '910 235 518');
insert into zakonny_zastupce (id_zakonny_zastupce, jmeno, email, tel) values (66, 'Richard Čeřovský', 'ceroric@seznam.cz', '510 821 548');
insert into zakonny_zastupce (id_zakonny_zastupce, jmeno, email, tel) values (67, 'Sára Halvová', 'halvsar@email.cz', '213 620 923');
insert into zakonny_zastupce (id_zakonny_zastupce, jmeno, email, tel) values (68, 'Ladislava Maštalířová', 'mastlad@seznam.cz', '249 832 677');
insert into zakonny_zastupce (id_zakonny_zastupce, jmeno, email, tel) values (69, 'Renáta Sobotková', 'soboren@seznam.cz', '298 776 237');
insert into zakonny_zastupce (id_zakonny_zastupce, jmeno, email, tel) values (70, 'Adolf Joura', 'jourado@gmail.com', '761 720 603');
insert into zakonny_zastupce (id_zakonny_zastupce, jmeno, email, tel) values (71, 'Jaroslava Uhrová', 'uhrojar@seznam.cz', '407 506 232');
insert into zakonny_zastupce (id_zakonny_zastupce, jmeno, email, tel) values (72, 'Kamila Žáková', 'zakokam@seznam.cz', '720 411 573');
insert into zakonny_zastupce (id_zakonny_zastupce, jmeno, email, tel) values (73, 'Štěpánka Hanousková', 'hanoste@seznam.cz', '268 493 265');
insert into zakonny_zastupce (id_zakonny_zastupce, jmeno, email, tel) values (74, 'Roman Hradil', 'hradrom@gmail.com', '595 400 181');
insert into zakonny_zastupce (id_zakonny_zastupce, jmeno, email, tel) values (75, 'Radka Křenová', 'krenrad@seznam.cz', '998 750 930');
insert into zakonny_zastupce (id_zakonny_zastupce, jmeno, email, tel) values (76, 'Anna Klimešová', 'klimann@seznam.cz', '135 723 993');
insert into zakonny_zastupce (id_zakonny_zastupce, jmeno, email, tel) values (77, 'Monika Čápová', 'capomon@gmail.com', '686 387 121');
insert into zakonny_zastupce (id_zakonny_zastupce, jmeno, email, tel) values (78, 'Jarmila Kulovaná', 'kulojar@seznam.cz', '222 541 436');
insert into zakonny_zastupce (id_zakonny_zastupce, jmeno, email, tel) values (79, 'Judita Pekníková', 'peknjud@seznam.cz', '949 634 785');
insert into zakonny_zastupce (id_zakonny_zastupce, jmeno, email, tel) values (80, 'Vladimíra Vachtlová', 'vachvla@seznam.cz', '155 305 915');
insert into zakonny_zastupce (id_zakonny_zastupce, jmeno, email, tel) values (81, 'Irena Bednaříková', 'bednire@seznam.cz', '863 676 685');
insert into zakonny_zastupce (id_zakonny_zastupce, jmeno, email, tel) values (82, 'Martina Havlůjová', 'havlmar@email.cz', '345 731 787');
insert into zakonny_zastupce (id_zakonny_zastupce, jmeno, email, tel) values (83, 'Lukáš Voborník', 'voboluk@seznam.cz', '251 646 226');
insert into zakonny_zastupce (id_zakonny_zastupce, jmeno, email, tel) values (84, 'Luděk Marek', 'marelud@email.cz', '704 911 663');
insert into zakonny_zastupce (id_zakonny_zastupce, jmeno, email, tel) values (85, 'Daniel Zounek', 'zoundan@gmail.com', '933 263 692');
insert into zakonny_zastupce (id_zakonny_zastupce, jmeno, email, tel) values (86, 'Jiřina Schmidt', 'schmjir@seznam.cz', '485 522 848');
insert into zakonny_zastupce (id_zakonny_zastupce, jmeno, email, tel) values (87, 'Ivan Orsah', 'orsaiva@seznam.cz', '772 818 821');
insert into zakonny_zastupce (id_zakonny_zastupce, jmeno, email, tel) values (88, 'Iveta Klikarová', 'klikive@yahoo.com', '909 161 409');
insert into zakonny_zastupce (id_zakonny_zastupce, jmeno, email, tel) values (89, 'Roman Kučera', 'kucerom@seznam.cz', '789 709 630');
insert into zakonny_zastupce (id_zakonny_zastupce, jmeno, email, tel) values (90, 'Bořislav Dandáš', 'dandbor@seznam.cz', '586 788 199');
insert into zakonny_zastupce (id_zakonny_zastupce, jmeno, email, tel) values (91, 'Jana Lojková', 'lojkjan@yahoo.com', '651 234 996');
insert into zakonny_zastupce (id_zakonny_zastupce, jmeno, email, tel) values (92, 'Ilona Markalous', 'markilo@seznam.cz', '722 854 990');
insert into zakonny_zastupce (id_zakonny_zastupce, jmeno, email, tel) values (93, 'Helena Volechová', 'volehel@yahoo.com', '253 500 579');
insert into zakonny_zastupce (id_zakonny_zastupce, jmeno, email, tel) values (94, 'Tereza Pribulová', 'pribter@seznam.cz', '579 998 934');
insert into zakonny_zastupce (id_zakonny_zastupce, jmeno, email, tel) values (95, 'Alexandra Kriegerbecková', 'krieale@email.cz', '458 676 225');
insert into zakonny_zastupce (id_zakonny_zastupce, jmeno, email, tel) values (96, 'Vítězslava Němcová', 'nemcvit@seznam.cz', '451 179 346');
insert into zakonny_zastupce (id_zakonny_zastupce, jmeno, email, tel) values (97, 'Alena Dvořáková', 'dvorale@email.cz', '326 301 571');
insert into zakonny_zastupce (id_zakonny_zastupce, jmeno, email, tel) values (98, 'Nicolle Bartuňková', 'bartnic@seznam.cz', '859 209 238');
insert into zakonny_zastupce (id_zakonny_zastupce, jmeno, email, tel) values (99, 'Zuzana Tögel', 'togezuz@gmail.com', '883 773 802');
insert into zakonny_zastupce (id_zakonny_zastupce, jmeno, email, tel) values (100, 'Pavla Platkevič', 'platpav@seznam.cz', '769 721 382');
insert into zakonny_zastupce (id_zakonny_zastupce, jmeno, email, tel) values (101, 'Radek Kosina', 'kosirad@gmail.com', '805 917 440');
insert into zakonny_zastupce (id_zakonny_zastupce, jmeno, email, tel) values (102, 'Barbora Seidler', 'seidbar@seznam.cz', '484 352 870');
insert into zakonny_zastupce (id_zakonny_zastupce, jmeno, email, tel) values (103, 'Pavel Kuhejda', 'kuhepav@yahoo.com', '708 626 965');
insert into zakonny_zastupce (id_zakonny_zastupce, jmeno, email, tel) values (104, 'Andrej Falář', 'falaand@seznam.cz', '782 164 383');
insert into zakonny_zastupce (id_zakonny_zastupce, jmeno, email, tel) values (105, 'Vratislav Plecháč', 'plecvra@seznam.cz', '599 467 715');
insert into zakonny_zastupce (id_zakonny_zastupce, jmeno, email, tel) values (106, 'Michal Lejčar', 'lejcmic@gmail.com', '427 485 684');
insert into zakonny_zastupce (id_zakonny_zastupce, jmeno, email, tel) values (107, 'Martin Váša', 'vasamar@seznam.cz', '377 230 590');
insert into zakonny_zastupce (id_zakonny_zastupce, jmeno, email, tel) values (108, 'Vilibalda Obalová', 'obalvil@seznam.cz', '994 451 504');
insert into zakonny_zastupce (id_zakonny_zastupce, jmeno, email, tel) values (109, 'Miroslava Dvorníková', 'dvormir@gmail.com', '313 978 112');
insert into zakonny_zastupce (id_zakonny_zastupce, jmeno, email, tel) values (110, 'Jiřina Jarolímová', 'jarojir@seznam.cz', '543 909 660');
insert into zakonny_zastupce (id_zakonny_zastupce, jmeno, email, tel) values (111, 'Martina Zirovnická', 'ziromar@seznam.cz', '113 829 474');
insert into zakonny_zastupce (id_zakonny_zastupce, jmeno, email, tel) values (112, 'Jarmila Holoubková', 'holojar@seznam.cz', '712 631 182');
insert into zakonny_zastupce (id_zakonny_zastupce, jmeno, email, tel) values (113, 'Zuzana Tomková', 'tomkzuz@seznam.cz', '168 132 993');
insert into zakonny_zastupce (id_zakonny_zastupce, jmeno, email, tel) values (114, 'Božena Hanzlová', 'hanzboz@email.cz', '909 535 880');
insert into zakonny_zastupce (id_zakonny_zastupce, jmeno, email, tel) values (115, 'Květuše Pospíšilová', 'pospkve@gmail.com', '604 147 767');
insert into zakonny_zastupce (id_zakonny_zastupce, jmeno, email, tel) values (116, 'Václav Mácha', 'machvac@seznam.cz', '965 797 531');
insert into zakonny_zastupce (id_zakonny_zastupce, jmeno, email, tel) values (117, 'Jan Mátl', 'matljan@seznam.cz', '764 541 730');
insert into zakonny_zastupce (id_zakonny_zastupce, jmeno, email, tel) values (118, 'Milana Nováková', 'novamil@seznam.cz', '302 730 123');
insert into zakonny_zastupce (id_zakonny_zastupce, jmeno, email, tel) values (119, 'Petr Soldán', 'soldpet@seznam.cz', '742 156 810');
insert into zakonny_zastupce (id_zakonny_zastupce, jmeno, email, tel) values (120, 'Alena Špičáková', 'spicale@seznam.cz', '770 481 511');
insert into zakonny_zastupce (id_zakonny_zastupce, jmeno, email, tel) values (121, 'Eva Skleničková', 'skleeva@seznam.cz', '218 986 284');
insert into zakonny_zastupce (id_zakonny_zastupce, jmeno, email, tel) values (122, 'Martin Betos', 'betomar@seznam.cz', '677 629 119');
insert into zakonny_zastupce (id_zakonny_zastupce, jmeno, email, tel) values (123, 'René Sulajová', 'sularen@gmail.com', '441 262 130');
insert into zakonny_zastupce (id_zakonny_zastupce, jmeno, email, tel) values (124, 'Vlastislav Němec', 'nemevla@seznam.cz', '451 168 456');
insert into zakonny_zastupce (id_zakonny_zastupce, jmeno, email, tel) values (125, 'Jiří Švaříčková', 'svarjir@seznam.cz', '828 510 630');
insert into zakonny_zastupce (id_zakonny_zastupce, jmeno, email, tel) values (126, 'Jana Kubíčková', 'kubijan@email.cz', '692 635 596');
insert into zakonny_zastupce (id_zakonny_zastupce, jmeno, email, tel) values (127, 'Lucie Polanská', 'polaluc@seznam.cz', '468 540 525');
insert into zakonny_zastupce (id_zakonny_zastupce, jmeno, email, tel) values (128, 'Lukáš Nečas', 'necaluk@email.cz', '507 380 230');
insert into zakonny_zastupce (id_zakonny_zastupce, jmeno, email, tel) values (129, 'Vendula Bulínová', 'buliven@seznam.cz', '976 315 750');
insert into zakonny_zastupce (id_zakonny_zastupce, jmeno, email, tel) values (130, 'Jaroslava Kačániová', 'kacajar@yahoo.com', '296 577 900');
insert into zakonny_zastupce (id_zakonny_zastupce, jmeno, email, tel) values (131, 'Renáta Hubáčková', 'hubaren@gmail.com', '622 546 582');
insert into zakonny_zastupce (id_zakonny_zastupce, jmeno, email, tel) values (132, 'Kateřina Smidová', 'smidkat@gmail.com', '813 608 578');
insert into zakonny_zastupce (id_zakonny_zastupce, jmeno, email, tel) values (133, 'Ivan Sýkora', 'sykoiva@seznam.cz', '941 972 236');
insert into zakonny_zastupce (id_zakonny_zastupce, jmeno, email, tel) values (134, 'David Šmaha', 'smahdav@seznam.cz', '660 618 422');
insert into zakonny_zastupce (id_zakonny_zastupce, jmeno, email, tel) values (135, 'Marie Kufová', 'kufomar@seznam.cz', '495 237 808');
insert into zakonny_zastupce (id_zakonny_zastupce, jmeno, email, tel) values (136, 'Dušan Pajer', 'pajedus@email.cz', '833 850 204');
insert into zakonny_zastupce (id_zakonny_zastupce, jmeno, email, tel) values (137, 'Hana Bindzarová', 'bindhan@seznam.cz', '855 721 657');
insert into zakonny_zastupce (id_zakonny_zastupce, jmeno, email, tel) values (138, 'Olga Macková', 'mackolg@email.cz', '508 382 333');
insert into zakonny_zastupce (id_zakonny_zastupce, jmeno, email, tel) values (139, 'Ivana Maxová', 'maxoiva@seznam.cz', '531 414 664');
insert into zakonny_zastupce (id_zakonny_zastupce, jmeno, email, tel) values (140, 'Kristian Lukašík', 'lukakri@seznam.cz', '833 526 822');
insert into zakonny_zastupce (id_zakonny_zastupce, jmeno, email, tel) values (141, 'Kamil Kalina', 'kalikam@gmail.com', '418 367 233');
insert into zakonny_zastupce (id_zakonny_zastupce, jmeno, email, tel) values (142, 'Tamara Stancíková', 'stantam@seznam.cz', '967 276 903');
insert into zakonny_zastupce (id_zakonny_zastupce, jmeno, email, tel) values (143, 'Danuše Burešová', 'buredan@yahoo.com', '325 570 262');
insert into zakonny_zastupce (id_zakonny_zastupce, jmeno, email, tel) values (144, 'Ivana Kneifelová', 'kneiiva@seznam.cz', '586 501 248');
insert into zakonny_zastupce (id_zakonny_zastupce, jmeno, email, tel) values (145, 'Mikuláš Sobotka', 'sobomik@seznam.cz', '579 968 619');
insert into zakonny_zastupce (id_zakonny_zastupce, jmeno, email, tel) values (146, 'Renata Kolísková', 'koliren@seznam.cz', '255 828 350');
insert into zakonny_zastupce (id_zakonny_zastupce, jmeno, email, tel) values (147, 'Ladislava Polanská', 'polalad@seznam.cz', '983 433 778');
insert into zakonny_zastupce (id_zakonny_zastupce, jmeno, email, tel) values (148, 'Ondřej Jakšík', 'jaksond@gmail.com', '495 792 395');
insert into zakonny_zastupce (id_zakonny_zastupce, jmeno, email, tel) values (149, 'Tadeáš Dobruš', 'dobrtad@seznam.cz', '194 711 244');
insert into zakonny_zastupce (id_zakonny_zastupce, jmeno, email, tel) values (150, 'Natalka Zemanová', 'zemanat@gmail.com', '956 447 926');
insert into zakonny_zastupce (id_zakonny_zastupce, jmeno, email, tel) values (151, 'František Shrbený', 'shrbfra@seznam.cz', '193 977 267');
insert into zakonny_zastupce (id_zakonny_zastupce, jmeno, email, tel) values (152, 'Lenka Vávrová', 'vavrlen@seznam.cz', '378 646 738');
insert into zakonny_zastupce (id_zakonny_zastupce, jmeno, email, tel) values (153, 'Aneta Hudá', 'hudaane@yahoo.com', '342 179 513');
insert into zakonny_zastupce (id_zakonny_zastupce, jmeno, email, tel) values (154, 'Michal Hlavinka', 'hlavmic@seznam.cz', '556 771 363');
insert into zakonny_zastupce (id_zakonny_zastupce, jmeno, email, tel) values (155, 'Andrej Bobek', 'bobeand@seznam.cz', '275 536 371');
insert into zakonny_zastupce (id_zakonny_zastupce, jmeno, email, tel) values (156, 'Zdenka Wu', 'wuzde@seznam.cz', '129 760 357');
insert into zakonny_zastupce (id_zakonny_zastupce, jmeno, email, tel) values (157, 'Karel Novák', 'novakar@seznam.cz', '784 979 829');
insert into zakonny_zastupce (id_zakonny_zastupce, jmeno, email, tel) values (158, 'Libuše Burešová', 'burelib@gmail.com', '590 918 989');
insert into zakonny_zastupce (id_zakonny_zastupce, jmeno, email, tel) values (159, 'Roberta Blizňáková', 'blizrob@seznam.cz', '414 932 309');
insert into zakonny_zastupce (id_zakonny_zastupce, jmeno, email, tel) values (160, 'Vendula Novotná', 'novoven@seznam.cz', '987 442 334');
insert into zakonny_zastupce (id_zakonny_zastupce, jmeno, email, tel) values (161, 'Andrey Staněk', 'stanand@seznam.cz', '643 714 681');
insert into zakonny_zastupce (id_zakonny_zastupce, jmeno, email, tel) values (162, 'Oldřich Andreev', 'androld@gmail.com', '593 359 645');
insert into zakonny_zastupce (id_zakonny_zastupce, jmeno, email, tel) values (163, 'Zdeněk Sásik', 'sasizde@gmail.com', '128 352 502');
insert into zakonny_zastupce (id_zakonny_zastupce, jmeno, email, tel) values (164, 'Nikola Kolářová', 'kolanik@seznam.cz', '525 323 517');
insert into zakonny_zastupce (id_zakonny_zastupce, jmeno, email, tel) values (165, 'Bernard Bártík', 'bartber@seznam.cz', '623 595 239');
insert into zakonny_zastupce (id_zakonny_zastupce, jmeno, email, tel) values (166, 'Vladimír Novák', 'novavla@yahoo.com', '884 678 811');
insert into zakonny_zastupce (id_zakonny_zastupce, jmeno, email, tel) values (167, 'Marek Vician', 'vicimar@seznam.cz', '474 452 250');
insert into zakonny_zastupce (id_zakonny_zastupce, jmeno, email, tel) values (168, 'Lubomír Bičán', 'bicalub@seznam.cz', '553 291 230');
insert into zakonny_zastupce (id_zakonny_zastupce, jmeno, email, tel) values (169, 'Rostislava Flašková', 'flasros@gmail.com', '620 501 592');
insert into zakonny_zastupce (id_zakonny_zastupce, jmeno, email, tel) values (170, 'Tereza Cvingráfová', 'cvinter@seznam.cz', '766 638 387');
insert into zakonny_zastupce (id_zakonny_zastupce, jmeno, email, tel) values (171, 'Roman Hejl', 'hejlrom@seznam.cz', '788 791 287');
insert into zakonny_zastupce (id_zakonny_zastupce, jmeno, email, tel) values (172, 'Jaroslav Petr', 'petrjar@seznam.cz', '495 303 388');
insert into zakonny_zastupce (id_zakonny_zastupce, jmeno, email, tel) values (173, 'Andrej Vrbata', 'vrbaand@seznam.cz', '462 724 479');
insert into zakonny_zastupce (id_zakonny_zastupce, jmeno, email, tel) values (174, 'Petr Maleček', 'malepet@seznam.cz', '968 508 868');
insert into zakonny_zastupce (id_zakonny_zastupce, jmeno, email, tel) values (175, 'Jitka Fidlerová', 'fidljit@gmail.com', '957 534 825');
insert into zakonny_zastupce (id_zakonny_zastupce, jmeno, email, tel) values (176, 'Jiřina Neusser', 'neusjir@seznam.cz', '116 334 709');
insert into zakonny_zastupce (id_zakonny_zastupce, jmeno, email, tel) values (177, 'Jaroslav Fiala', 'fialjar@seznam.cz', '447 668 804');
insert into zakonny_zastupce (id_zakonny_zastupce, jmeno, email, tel) values (178, 'František Bezděk', 'bezdfra@seznam.cz', '813 773 668');
insert into zakonny_zastupce (id_zakonny_zastupce, jmeno, email, tel) values (179, 'Martina Sevcíková', 'sevcmar@gmail.com', '305 318 737');
insert into zakonny_zastupce (id_zakonny_zastupce, jmeno, email, tel) values (180, 'Miroslava Dvořáčková', 'dvormir@seznam.cz', '136 357 766');
insert into zakonny_zastupce (id_zakonny_zastupce, jmeno, email, tel) values (181, 'Vít Kantor', 'kantvit@seznam.cz', '744 459 455');
insert into zakonny_zastupce (id_zakonny_zastupce, jmeno, email, tel) values (182, 'Karolína Hyxa', 'hyxakar@gmail.com', '661 741 848');
insert into zakonny_zastupce (id_zakonny_zastupce, jmeno, email, tel) values (183, 'Viktorie Jahodová', 'jahovik@seznam.cz', '130 790 305');
insert into zakonny_zastupce (id_zakonny_zastupce, jmeno, email, tel) values (184, 'Miloš Karlík', 'karlmil@seznam.cz', '190 220 747');
insert into zakonny_zastupce (id_zakonny_zastupce, jmeno, email, tel) values (185, 'Magdalena Pokorná', 'pokomag@seznam.cz', '661 602 511');
insert into zakonny_zastupce (id_zakonny_zastupce, jmeno, email, tel) values (186, 'Stanislav Tomek', 'tomesta@seznam.cz', '863 491 973');
insert into zakonny_zastupce (id_zakonny_zastupce, jmeno, email, tel) values (187, 'Marcela Sadilová', 'sadimar@seznam.cz', '260 886 157');
insert into zakonny_zastupce (id_zakonny_zastupce, jmeno, email, tel) values (188, 'Karel Lebruška', 'lebrkar@gmail.com', '204 274 755');
insert into zakonny_zastupce (id_zakonny_zastupce, jmeno, email, tel) values (189, 'Roberta Benáčková', 'benarob@seznam.cz', '331 148 316');
insert into zakonny_zastupce (id_zakonny_zastupce, jmeno, email, tel) values (190, 'Irena Srbová', 'srboire@seznam.cz', '925 592 666');
insert into zakonny_zastupce (id_zakonny_zastupce, jmeno, email, tel) values (191, 'Miroslava Strejčková', 'stremir@email.cz', '113 427 179');
insert into zakonny_zastupce (id_zakonny_zastupce, jmeno, email, tel) values (192, 'Milan Hák', 'hakmil@yahoo.com', '457 887 597');
insert into zakonny_zastupce (id_zakonny_zastupce, jmeno, email, tel) values (193, 'Ludmila Růžičková', 'ruzilud@email.cz', '190 709 572');
insert into zakonny_zastupce (id_zakonny_zastupce, jmeno, email, tel) values (194, 'Jarmila Píšová', 'pisojar@seznam.cz', '943 777 840');
insert into zakonny_zastupce (id_zakonny_zastupce, jmeno, email, tel) values (195, 'Ivan Klaudy', 'klauiva@gmail.com', '468 378 186');
insert into zakonny_zastupce (id_zakonny_zastupce, jmeno, email, tel) values (196, 'Filip Šnajdr', 'snajfil@seznam.cz', '419 625 767');
insert into zakonny_zastupce (id_zakonny_zastupce, jmeno, email, tel) values (197, 'Aneta Suchá', 'suchane@seznam.cz', '465 692 536');
insert into zakonny_zastupce (id_zakonny_zastupce, jmeno, email, tel) values (198, 'Simona Koutná', 'koutsim@seznam.cz', '984 541 684');
insert into zakonny_zastupce (id_zakonny_zastupce, jmeno, email, tel) values (199, 'Dominika Harudová', 'harudom@gmail.com', '609 211 300');
insert into zakonny_zastupce (id_zakonny_zastupce, jmeno, email, tel) values (200, 'Anna Kubová', 'kuboann@seznam.cz', '832 332 426');



insert into zak (id_zak, id_zakonny_zastupce, id_adresa, jmeno, datum_narozeni, email, tel) values (1, 12 ,265, 'Michaela Chroňáková', '09.05.2006', 'chrmic@seznam.cz', '454 160 225');
insert into zak (id_zak, id_zakonny_zastupce,id_adresa, jmeno, datum_narozeni, email, tel) values (2, 46, 187, 'David Coufal', '04.08.2002', 'coudav@email.cz', '972 173 763');
insert into zak (id_zak, id_zakonny_zastupce,id_adresa, jmeno, datum_narozeni, email, tel) values (3, 43, 268, 'Kateřina Machálková', '27.07.2010', 'mackat@seznam.cz', '330 385 958');
insert into zak (id_zak, id_zakonny_zastupce,id_adresa, jmeno, datum_narozeni, email, tel) values (4, 87, 269, 'Benedikt Orsah', '14.04.2013', 'orsben@yahoo.com', '320 977 918');
insert into zak (id_zak, id_zakonny_zastupce,id_adresa, jmeno, datum_narozeni, email, tel) values (5, 112, 56, 'Kristýna Holoubková', '09.09.2014', 'holkri@gmail.com', '306 533 708');
insert into zak (id_zak, id_adresa, jmeno, datum_narozeni, email, tel) values (6, 259, 'František Kaderka', '20.03.1998', 'kadfra@seznam.cz', '949 227 299');
insert into zak (id_zak, id_adresa, jmeno, datum_narozeni, email, tel) values (7, 208, 'Alena Málková', '18.07.1995', 'malale@bing.com', '323 132 192');
insert into zak (id_zak, id_zakonny_zastupce,id_adresa, jmeno, datum_narozeni, email, tel) values (8, 196, 13, 'Jiří Šnajdr', '19.09.2011', 'snajir@seznam.cz', '449 534 836');
insert into zak (id_zak, id_adresa, jmeno, datum_narozeni, email, tel) values (9, 297, 'Petr Černek', '28.11.1995', 'cerpet@seznam.cz', '473 668 606');
insert into zak (id_zak, id_zakonny_zastupce,id_adresa, jmeno, datum_narozeni, email, tel) values (10, 28, 272, 'Iveta Kročilová', '24.11.2007', 'kroive@gmail.com', '487 713 622');
insert into zak (id_zak, id_zakonny_zastupce,id_adresa, jmeno, datum_narozeni, email, tel) values (11, 48, 80, 'Nikola Králová', '07.11.2009', 'kranik@yahoo.com', '624 200 186');
insert into zak (id_zak, id_zakonny_zastupce,id_adresa, jmeno, datum_narozeni, email, tel) values (12, 33, 300, 'Vít Kučera', '24.06.2002', 'kucvit@gmail.com', '946 390 946');
insert into zak (id_zak, id_zakonny_zastupce,id_adresa, jmeno, datum_narozeni, email, tel) values (13, 155, 157, 'Lukáš Bobek', '02.10.2007', 'bobluk@email.cz', '893 669 900');
insert into zak (id_zak, id_adresa, jmeno, datum_narozeni, email, tel) values (14, 260, 'Miroslav Řezanka', '25.01.1995', 'rezmir@seznam.cz', '404 843 853');
insert into zak (id_zak, id_zakonny_zastupce,id_adresa, jmeno, datum_narozeni, email, tel) values (15, 107, 305, 'Robert Váša', '20.07.2013', 'vasrob@bing.com', '327 242 691');
insert into zak (id_zak, id_zakonny_zastupce,id_adresa, jmeno, datum_narozeni, email, tel) values (16, 91, 127, 'Marie Lojková', '14.08.2009', 'lojmar@seznam.cz', '692 982 693');
insert into zak (id_zak, id_zakonny_zastupce,id_adresa, jmeno, datum_narozeni, email, tel) values (17, 186, 129, 'Pavel Tomek', '10.11.2007', 'tompav@gmail.com', '722 456 852');
insert into zak (id_zak, id_zakonny_zastupce,id_adresa, jmeno, datum_narozeni, email, tel) values (18, 34, 255, 'Jaroslav Rujzl', '12.10.2003', 'rujjar@seznam.cz', '418 536 183');
insert into zak (id_zak, id_adresa, jmeno, datum_narozeni, email, tel) values (19, 296, 'Tomáš Černý', '05.09.1998', 'certom@seznam.cz', '775 951 828');
insert into zak (id_zak, id_zakonny_zastupce,id_adresa, jmeno, datum_narozeni, email, tel) values (20, 19, 78, 'Anna Urbanová', '10.10.2013', 'urbann@yahoo.com', '963 320 583');
insert into zak (id_zak, id_zakonny_zastupce,id_adresa, jmeno, datum_narozeni, email, tel) values (21, 153, 115, 'Božena Hudá', '11.03.2011', 'hudboz@seznam.cz', '601 281 179');
insert into zak (id_zak, id_zakonny_zastupce,id_adresa, jmeno, datum_narozeni, email, tel) values (22, 96, 31, 'Hana Němcová', '09.12.2005', 'nemhan@email.cz', '343 998 501');
insert into zak (id_zak, id_zakonny_zastupce,id_adresa, jmeno, datum_narozeni, email, tel) values (23, 116, 221, 'Přemysl Mácha', '22.02.2005', 'macpre@gmail.com', '466 431 392');
insert into zak (id_zak, id_zakonny_zastupce,id_adresa, jmeno, datum_narozeni, email, tel) values (24, 100, 33, 'Zdeněk Platkevič', '19.01.2008', 'plazde@seznam.cz', '527 534 129');
insert into zak (id_zak, id_zakonny_zastupce,id_adresa, jmeno, datum_narozeni, email, tel) values (25, 83, 249, 'Saša Voborník', '18.02.2012', 'vobsas@seznam.cz', '559 505 479');
insert into zak (id_zak, id_zakonny_zastupce,id_adresa, jmeno, datum_narozeni, email, tel) values (26, 195, 108, 'Lubomír Klaudy', '10.08.2003', 'klalub@seznam.cz', '246 648 321');
insert into zak (id_zak, id_zakonny_zastupce,id_adresa, jmeno, datum_narozeni, email, tel) values (27, 165, 196, 'Bořek Bártík', '17.02.2007', 'barbor@gmail.com', '991 855 220');
insert into zak (id_zak, id_zakonny_zastupce,id_adresa, jmeno, datum_narozeni, email, tel) values (28, 141, 154, 'Jan Kalina', '04.05.2012', 'kaljan@seznam.cz', '988 649 180');
insert into zak (id_zak, id_zakonny_zastupce,id_adresa, jmeno, datum_narozeni, email, tel) values (29, 9, 74, 'Jaroslava Janečková', '17.10.2014', 'janjar@yahoo.com', '456 264 899');
insert into zak (id_zak, id_adresa, jmeno, datum_narozeni, email, tel) values (30, 149, 'Jana Wolffová', '27.12.1998', 'woljan@seznam.cz', '932 310 513');
insert into zak (id_zak, id_adresa, jmeno, datum_narozeni, email, tel) values (31, 181, 'Michal Vítek', '17.03.1996', 'vitmic@yahoo.com', '826 261 451');
insert into zak (id_zak, id_zakonny_zastupce,id_adresa, jmeno, datum_narozeni, email, tel) values (32, 41, 119, 'Josef Plzák', '02.04.2012', 'plzjos@seznam.cz', '627 326 936');
insert into zak (id_zak, id_zakonny_zastupce,id_adresa, jmeno, datum_narozeni, email, tel) values (33, 115, 36, 'Růžena Pospíšilová', '26.05.2014', 'posruz@seznam.cz', '597 324 664');
insert into zak (id_zak, id_adresa, jmeno, datum_narozeni, email, tel) values (34, 57, 'Vladimíra Fischerová', '24.12.1996', 'fisvla@seznam.cz', '155 156 202');
insert into zak (id_zak, id_adresa, jmeno, datum_narozeni, email, tel) values (35, 150, 'Lenka Kolouchová', '24.11.1998', 'kollen@seznam.cz', '864 295 643');
insert into zak (id_zak, id_zakonny_zastupce,id_adresa, jmeno, datum_narozeni, email, tel) values (36, 132, 299, 'Veronika Smidová', '11.07.2009', 'smiver@seznam.cz', '342 565 139');
insert into zak (id_zak, id_zakonny_zastupce,id_adresa, jmeno, datum_narozeni, email, tel) values (37, 86, 152, 'Václav Schmidt', '14.12.2007', 'schvac@email.cz', '570 743 945');
insert into zak (id_zak, id_zakonny_zastupce,id_adresa, jmeno, datum_narozeni, email, tel) values (38, 136, 168, 'Karel Pajer', '16.02.2004', 'pajkar@seznam.cz', '771 687 963');
insert into zak (id_zak, id_zakonny_zastupce,id_adresa, jmeno, datum_narozeni, email, tel) values (39, 92, 68, 'Ondřej Markalous', '13.11.2009', 'marond@email.cz', '416 744 816');
insert into zak (id_zak, id_zakonny_zastupce,id_adresa, jmeno, datum_narozeni, email, tel) values (40, 198, 1, 'Milena Koutná', '29.09.2013', 'koumil@gmail.com', '188 961 978');
insert into zak (id_zak, id_adresa, jmeno, datum_narozeni, email, tel) values (41, 231, 'Eva Kudrnová', '26.05.2001', 'kudeva@seznam.cz', '845 334 294');
insert into zak (id_zak, id_zakonny_zastupce,id_adresa, jmeno, datum_narozeni, email, tel) values (42, 29, 286, 'Zdenka Konopásková', '23.01.2012', 'konzde@seznam.cz', '141 128 826');
insert into zak (id_zak, id_zakonny_zastupce,id_adresa, jmeno, datum_narozeni, email, tel) values (43, 64, 3, 'Richard Tichý', '25.10.2002', 'ticric@seznam.cz', '376 134 707');
insert into zak (id_zak, id_zakonny_zastupce,id_adresa, jmeno, datum_narozeni, email, tel) values (44, 123, 232, 'Monika Sulajová', '30.11.2012', 'sulmon@seznam.cz', '354 850 711');
insert into zak (id_zak, id_zakonny_zastupce,id_adresa, jmeno, datum_narozeni, email, tel) values (45, 173, 120, 'Martin Vrbata', '24.06.2013', 'vrbmar@seznam.cz', '987 201 467');
insert into zak (id_zak, id_zakonny_zastupce,id_adresa, jmeno, datum_narozeni, email, tel) values (46, 179, 6, 'Vera Sevcíková', '05.03.2004', 'sevver@gmail.com', '458 198 180');
insert into zak (id_zak, id_adresa, jmeno, datum_narozeni, email, tel) values (47, 243, 'Gracie Andělová', '23.08.1999', 'andgra@seznam.cz', '589 501 882');
insert into zak (id_zak, id_adresa, jmeno, datum_narozeni, email, tel) values (48, 293, 'Martina Filičková', '01.05.1999', 'filmar@seznam.cz', '377 543 168');
insert into zak (id_zak, id_zakonny_zastupce,id_adresa, jmeno, datum_narozeni, email, tel) values (49, 144, 242, 'Ludmila Kneifelová', '20.03.2011', 'knelud@seznam.cz', '654 574 676');
insert into zak (id_zak, id_adresa, jmeno, datum_narozeni, email, tel) values (50, 55, 'Anežka Lukáčová', '24.02.2000', 'lukane@seznam.cz', '895 529 968');
insert into zak (id_zak, id_zakonny_zastupce,id_adresa, jmeno, datum_narozeni, email, tel) values (51, 95, 267, 'Radoslava Kriegerbecková', '14.03.2009', 'krirad@seznam.cz', '262 646 926');
insert into zak (id_zak, id_zakonny_zastupce,id_adresa, jmeno, datum_narozeni, email, tel) values (52, 14, 4, 'Lucie Koprnická', '14.01.2009', 'kopluc@gmail.com', '204 137 780');
insert into zak (id_zak, id_adresa, jmeno, datum_narozeni, email, tel) values (53, 278, 'Radka Molíková', '16.07.1997', 'molrad@seznam.cz', '553 743 306');
insert into zak (id_zak, id_zakonny_zastupce,id_adresa, jmeno, datum_narozeni, email, tel) values (54, 69, 96, 'Jozefa Sobotková', '18.07.2005', 'sobjoz@bing.com', '213 379 220');
insert into zak (id_zak, id_zakonny_zastupce,id_adresa, jmeno, datum_narozeni, email, tel) values (55, 17, 50, 'Zuzana Donátová', '25.08.2006', 'donzuz@seznam.cz', '380 761 507');
insert into zak (id_zak, id_adresa, jmeno, datum_narozeni, email, tel) values (56, 5, 'Marta Javorová', '01.03.1997', 'javmar@email.cz', '998 589 682');
insert into zak (id_zak, id_zakonny_zastupce,id_adresa, jmeno, datum_narozeni, email, tel) values (57, 82, 287, 'Tereza Havlůjová', '04.02.2008', 'havter@seznam.cz', '894 436 796');
insert into zak (id_zak, id_adresa, jmeno, datum_narozeni, email, tel) values (58, 134, 'Pavla Procházková', '23.04.2001', 'propav@bing.com', '915 252 457');
insert into zak (id_zak, id_zakonny_zastupce,id_adresa, jmeno, datum_narozeni, email, tel) values (59, 36, 193, 'Zdeňka Jakschová', '09.06.2005', 'jakzde@seznam.cz', '715 582 254');
insert into zak (id_zak, id_zakonny_zastupce,id_adresa, jmeno, datum_narozeni, email, tel) values (60, 143, 94, 'Žaneta Burešová', '07.10.2011', 'burzan@seznam.cz', '956 483 808');
insert into zak (id_zak, id_zakonny_zastupce,id_adresa, jmeno, datum_narozeni, email, tel) values (61, 27, 26, 'Antonín Hendrych', '07.02.2014', 'henant@bing.com', '642 669 876');
insert into zak (id_zak, id_zakonny_zastupce,id_adresa, jmeno, datum_narozeni, email, tel) values (62, 111, 177, 'Romana Zirovnická', '21.06.2008', 'zirrom@seznam.cz', '625 762 489');
insert into zak (id_zak, id_zakonny_zastupce,id_adresa, jmeno, datum_narozeni, email, tel) values (63, 185, 275, 'Jitka Pokorná', '09.05.2008', 'pokjit@seznam.cz', '702 680 509');
insert into zak (id_zak, id_zakonny_zastupce,id_adresa, jmeno, datum_narozeni, email, tel) values (64, 131, 29, 'Barbora Hubáčková', '05.09.2010', 'hubbar@seznam.cz', '911 837 942');
insert into zak (id_zak, id_zakonny_zastupce,id_adresa, jmeno, datum_narozeni, email, tel) values (65, 49, 114, 'Radek Řehoř', '21.05.2006', 'rehrad@seznam.cz', '510 241 471');
insert into zak (id_zak, id_zakonny_zastupce,id_adresa, jmeno, datum_narozeni, email, tel) values (66, 40, 289, 'Klara Koudelková', '25.04.2010', 'koukla@seznam.cz', '141 548 848');
insert into zak (id_zak, id_adresa, jmeno, datum_narozeni, email, tel) values (67, 16, 'Stanislav Vitů', '07.12.1997', 'vitsta@yahoo.com', '684 619 463');
insert into zak (id_zak, id_zakonny_zastupce,id_adresa, jmeno, datum_narozeni, email, tel) values (68, 122, 32, 'Milan Betos', '19.05.2005', 'betmil@bing.com', '799 487 518');
insert into zak (id_zak, id_adresa, jmeno, datum_narozeni, email, tel) values (69, 41, 'Svetlana Hrušková', '12.08.2000', 'hrusve@email.cz', '934 342 518');
insert into zak (id_zak, id_zakonny_zastupce,id_adresa, jmeno, datum_narozeni, email, tel) values (70, 85, 90, 'Vladimír Zounek', '10.04.2003', 'zouvla@seznam.cz', '459 675 579');
insert into zak (id_zak, id_zakonny_zastupce,id_adresa, jmeno, datum_narozeni, email, tel) values (71, 119, 123, 'Jindřich Soldán', '24.06.2009', 'soljin@seznam.cz', '868 871 821');
insert into zak (id_zak, id_zakonny_zastupce,id_adresa, jmeno, datum_narozeni, email, tel) values (72, 6, 229, 'Miloslav Lorenc', '18.09.2004', 'lormil@email.cz', '184 266 895');
insert into zak (id_zak, id_zakonny_zastupce,id_adresa, jmeno, datum_narozeni, email, tel) values (73, 114, 228, 'Markéta Hanzlová', '04.05.2008', 'hanmar@seznam.cz', '215 418 858');
insert into zak (id_zak, id_adresa, jmeno, datum_narozeni, email, tel) values (74, 298, 'Roman Margolius', '21.08.1998', 'marrom@bing.com', '146 716 742');
insert into zak (id_zak, id_zakonny_zastupce,id_adresa, jmeno, datum_narozeni, email, tel) values (75, 142, 171, 'Drahoslava Stancíková', '29.05.2003', 'stadra@seznam.cz', '308 811 673');
insert into zak (id_zak, id_zakonny_zastupce,id_adresa, jmeno, datum_narozeni, email, tel) values (76, 105, 100, 'Ondřej Plecháč', '03.06.2002', 'pleond@seznam.cz', '261 577 469');
insert into zak (id_zak, id_adresa, jmeno, datum_narozeni, email, tel) values (77, 53, 'Sabina Škopová', '02.04.1995', 'skosab@gmail.com', '441 446 454');
insert into zak (id_zak, id_adresa, jmeno, datum_narozeni, email, tel) values (78, 227, 'Mária Neubauerová', '05.03.1997', 'neumar@email.cz', '637 452 361');
insert into zak (id_zak, id_zakonny_zastupce,id_adresa, jmeno, datum_narozeni, email, tel) values (79, 130, 116, 'Eva Kačániová', '02.06.2003', 'kaceva@yahoo.com', '449 437 314');
insert into zak (id_zak, id_zakonny_zastupce,id_adresa, jmeno, datum_narozeni, email, tel) values (80, 177, 284, 'Jan Fiala', '21.10.2002', 'fiajan@seznam.cz', '612 391 941');
insert into zak (id_zak, id_zakonny_zastupce,id_adresa, jmeno, datum_narozeni, email, tel) values (81, 148, 202, 'Libor Jakšík', '11.04.2010', 'jaklib@email.cz', '923 286 470');
insert into zak (id_zak, id_adresa, jmeno, datum_narozeni, email, tel) values (82, 185, 'Valerie Pluhařová', '12.08.1997', 'pluval@seznam.cz', '622 479 483');
insert into zak (id_zak, id_zakonny_zastupce,id_adresa, jmeno, datum_narozeni, email, tel) values (83, 134, 282, 'Viktor Šmaha', '07.07.2004', 'smavik@email.cz', '442 832 601');
insert into zak (id_zak, id_adresa, jmeno, datum_narozeni, email, tel) values (84, 281, 'Šárka Bespalova', '08.09.1996', 'bessar@seznam.cz', '780 183 760');
insert into zak (id_zak, id_zakonny_zastupce,id_adresa, jmeno, datum_narozeni, email, tel) values (85, 71, 173, 'Květa Uhrová', '09.05.2004', 'uhrkve@seznam.cz', '497 363 816');
insert into zak (id_zak, id_zakonny_zastupce,id_adresa, jmeno, datum_narozeni, email, tel) values (86, 11, 95, 'Jaroslava Krtková', '08.03.2014', 'krtjar@gmail.com', '628 337 395');
insert into zak (id_zak, id_adresa, jmeno, datum_narozeni, email, tel) values (87, 47, 'Anna Petroušková', '28.04.1997', 'petann@email.cz', '955 319 436');
insert into zak (id_zak, id_zakonny_zastupce,id_adresa, jmeno, datum_narozeni, email, tel) values (88, 21, 184, 'Josef Charalambidis', '11.07.2010', 'chajos@seznam.cz', '151 638 442');
insert into zak (id_zak, id_zakonny_zastupce,id_adresa, jmeno, datum_narozeni, email, tel) values (89, 152, 8, 'Petra Vávrová', '29.01.2006', 'vavpet@gmail.com', '381 512 419');
insert into zak (id_zak, id_zakonny_zastupce,id_adresa, jmeno, datum_narozeni, email, tel) values (90, 10, 159, 'David Paclík', '22.12.2011', 'pacdav@email.cz', '551 340 223');
insert into zak (id_zak, id_zakonny_zastupce,id_adresa, jmeno, datum_narozeni, email, tel) values (91, 184, 204, 'Oldřich Karlík', '05.09.2011', 'karold@seznam.cz', '518 556 655');
insert into zak (id_zak, id_zakonny_zastupce,id_adresa, jmeno, datum_narozeni, email, tel) values (92, 180, 211, 'Žaneta Dvořáčková', '02.09.2006', 'dvozan@seznam.cz', '917 987 274');
insert into zak (id_zak, id_adresa, jmeno, datum_narozeni, email, tel) values (93, 136, 'Jiří Chvojka', '14.07.1999', 'chvjir@seznam.cz', '933 592 723');
insert into zak (id_zak, id_zakonny_zastupce,id_adresa, jmeno, datum_narozeni, email, tel) values (94, 7, 238, 'Dagmar Šnajdarová', '30.09.2004', 'snadag@seznam.cz', '988 793 130');
insert into zak (id_zak, id_zakonny_zastupce,id_adresa, jmeno, datum_narozeni, email, tel) values (95, 109, 222, 'Michaela Dvorníková', '28.07.2005', 'dvomic@gmail.com', '524 284 982');
insert into zak (id_zak, id_zakonny_zastupce,id_adresa, jmeno, datum_narozeni, email, tel) values (96, 79, 67, 'Marie Pekníková', '26.08.2007', 'pekmar@seznam.cz', '833 439 234');
insert into zak (id_zak, id_adresa, jmeno, datum_narozeni, email, tel) values (97, 215, 'Jana Nalevanková', '31.01.1996', 'naljan@seznam.cz', '246 689 927');
insert into zak (id_zak, id_adresa, jmeno, datum_narozeni, email, tel) values (98, 188, 'Kateřina Kolodějová', '18.08.2001', 'kolkat@gmail.com', '908 813 391');
insert into zak (id_zak, id_zakonny_zastupce,id_adresa, jmeno, datum_narozeni, email, tel) values (99, 200, 245, 'Jindřiška Kubová', '20.07.2013', 'kubjin@seznam.cz', '152 444 983');
insert into zak (id_zak, id_zakonny_zastupce,id_adresa, jmeno, datum_narozeni, email, tel) values (100, 8, 22, 'Tomáš Maslák', '13.12.2007', 'mastom@seznam.cz', '237 331 181');
insert into zak (id_zak, id_zakonny_zastupce,id_adresa, jmeno, datum_narozeni, email, tel) values (101, 174, 251, 'Milan Maleček', '04.03.2010', 'malmil@seznam.cz', '998 600 294');
insert into zak (id_zak, id_adresa, jmeno, datum_narozeni, email, tel) values (102, 69, 'Michal Zinecker', '27.02.2002', 'zinmic@seznam.cz', '757 137 620');
insert into zak (id_zak, id_zakonny_zastupce,id_adresa, jmeno, datum_narozeni, email, tel) values (103, 74, 130, 'Jakub Hradil', '25.02.2009', 'hrajak@bing.com', '218 689 954');
insert into zak (id_zak, id_zakonny_zastupce,id_adresa, jmeno, datum_narozeni, email, tel) values (104, 3, 206, 'Barbora Pohunková', '18.04.2010', 'pohbar@seznam.cz', '273 939 329');
insert into zak (id_zak, id_zakonny_zastupce,id_adresa, jmeno, datum_narozeni, email, tel) values (105, 98, 48, 'Zuzana Bartuňková', '06.08.2009', 'barzuz@yahoo.com', '508 427 161');
insert into zak (id_zak, id_zakonny_zastupce,id_adresa, jmeno, datum_narozeni, email, tel) values (106, 78, 155, 'Zdenka Kulovaná', '06.03.2004', 'kulzde@seznam.cz', '129 952 508');
insert into zak (id_zak, id_adresa, jmeno, datum_narozeni, email, tel) values (107, 239, 'Petr Sejkora', '22.02.1995', 'sejpet@email.cz', '965 744 789');
insert into zak (id_zak, id_adresa, jmeno, datum_narozeni, email, tel) values (108, 10, 'Karel Trnovec', '21.08.1996', 'trnkar@seznam.cz', '813 218 706');
insert into zak (id_zak, id_adresa, jmeno, datum_narozeni, email, tel) values (109, 262, 'Jaromír Čížek', '30.11.1996', 'cizjar@seznam.cz', '394 313 283');
insert into zak (id_zak, id_zakonny_zastupce,id_adresa, jmeno, datum_narozeni, email, tel) values (110, 167, 60, 'Stanislav Vician', '15.01.2014', 'vicsta@yahoo.com', '393 994 477');
insert into zak (id_zak, id_adresa, jmeno, datum_narozeni, email, tel) values (111, 273, 'Pavel Kejmar', '24.06.1998', 'kejpav@yahoo.com', '111 840 142');
insert into zak (id_zak, id_zakonny_zastupce,id_adresa, jmeno, datum_narozeni, email, tel) values (112, 39, 248, 'Martin Štefek', '27.03.2007', 'stemar@seznam.cz', '780 272 961');
insert into zak (id_zak, id_zakonny_zastupce,id_adresa, jmeno, datum_narozeni, email, tel) values (113, 157, 237, 'Jaroslav Novák', '15.10.2011', 'novjar@yahoo.com', '364 392 419');
insert into zak (id_zak, id_adresa, jmeno, datum_narozeni, email, tel) values (114, 71, 'Ladislav Kenkuš', '30.03.1995', 'kenlad@seznam.cz', '759 749 433');
insert into zak (id_zak, id_zakonny_zastupce,id_adresa, jmeno, datum_narozeni, email, tel) values (115, 13, 19, 'František Raszka', '27.06.2002', 'rasfra@seznam.cz', '716 453 111');
insert into zak (id_zak, id_zakonny_zastupce,id_adresa, jmeno, datum_narozeni, email, tel) values (116, 191, 111, 'Lenka Strejčková', '04.04.2013', 'strlen@gmail.com', '558 321 682');
insert into zak (id_zak, id_zakonny_zastupce,id_adresa, jmeno, datum_narozeni, email, tel) values (117, 50, 182, 'Josefa Fialová', '26.10.2004', 'fiajos@gmail.com', '618 182 348');
insert into zak (id_zak, id_adresa, jmeno, datum_narozeni, email, tel) values (118, 246, 'Martina Havlová', '13.04.1995', 'havmar@seznam.cz', '231 180 174');
insert into zak (id_zak, id_zakonny_zastupce,id_adresa, jmeno, datum_narozeni, email, tel) values (119, 190, 200, 'Hana Srbová', '17.01.2010', 'srbhan@seznam.cz', '573 237 724');
insert into zak (id_zak, id_adresa, jmeno, datum_narozeni, email, tel) values (120, 235, 'Kristýna Kratochvílová', '27.11.1996', 'krakri@yahoo.com', '818 765 436');
insert into zak (id_zak, id_zakonny_zastupce,id_adresa, jmeno, datum_narozeni, email, tel) values (121, 126, 254, 'Pavlína Kubíčková', '25.06.2008', 'kubpav@seznam.cz', '333 139 465');
insert into zak (id_zak, id_zakonny_zastupce,id_adresa, jmeno, datum_narozeni, email, tel) values (122, 35, 279, 'Ivo Píša', '28.11.2010', 'pisivo@gmail.com', '119 881 691');
insert into zak (id_zak, id_adresa, jmeno, datum_narozeni, email, tel) values (123, 163, 'Lukáš Brož', '11.06.2000', 'broluk@seznam.cz', '427 230 697');
insert into zak (id_zak, id_zakonny_zastupce,id_adresa, jmeno, datum_narozeni, email, tel) values (124, 176, 175, 'Patrik Neusser', '25.11.2005', 'neupat@gmail.com', '801 720 478');
insert into zak (id_zak, id_zakonny_zastupce,id_adresa, jmeno, datum_narozeni, email, tel) values (125, 84, 292, 'Miroslav Marek', '19.05.2014', 'marmir@email.cz', '585 470 997');
insert into zak (id_zak, id_zakonny_zastupce,id_adresa, jmeno, datum_narozeni, email, tel) values (126, 30, 37, 'Zdeněk Petera', '11.07.2009', 'petzde@seznam.cz', '634 855 729');
insert into zak (id_zak, id_zakonny_zastupce,id_adresa, jmeno, datum_narozeni, email, tel) values (127, 156, 83, 'Markéta Wu', '13.05.2014', 'wumar@seznam.cz', '516 844 233');
insert into zak (id_zak, id_adresa, jmeno, datum_narozeni, email, tel) values (128, 210, 'Antonín Roučka', '19.08.1998', 'rouant@email.cz', '489 191 992');
insert into zak (id_zak, id_zakonny_zastupce,id_adresa, jmeno, datum_narozeni, email, tel) values (129, 102, 172, 'Libor Seidler', '16.04.2012', 'seilib@seznam.cz', '724 457 785');
insert into zak (id_zak, id_zakonny_zastupce,id_adresa, jmeno, datum_narozeni, email, tel) values (130, 168, 214, 'Rudolf Bičán', '03.07.2011', 'bicrud@seznam.cz', '211 510 430');
insert into zak (id_zak, id_zakonny_zastupce,id_adresa, jmeno, datum_narozeni, email, tel) values (131, 121, 176, 'Veronika Skleničková', '17.03.2011', 'sklver@bing.com', '994 192 457');
insert into zak (id_zak, id_zakonny_zastupce,id_adresa, jmeno, datum_narozeni, email, tel) values (132, 146, 21, 'Jing Kolísková', '11.02.2011', 'koljin@seznam.cz', '836 695 224');
insert into zak (id_zak, id_zakonny_zastupce,id_adresa, jmeno, datum_narozeni, email, tel) values (133, 55, 261, 'Lucia Bürgermeisterová', '06.07.2010', 'bürluc@yahoo.com', '128 746 173');
insert into zak (id_zak, id_zakonny_zastupce,id_adresa, jmeno, datum_narozeni, email, tel) values (134, 140, 180, 'Václav Lukašík', '23.12.2011', 'lukvac@seznam.cz', '321 293 504');
insert into zak (id_zak, id_zakonny_zastupce,id_adresa, jmeno, datum_narozeni, email, tel) values (135, 187, 64, 'Alena Sadilová', '13.07.2009', 'sadale@bing.com', '333 195 183');
insert into zak (id_zak, id_zakonny_zastupce,id_adresa, jmeno, datum_narozeni, email, tel) values (136, 70, 212, 'Vladimír Joura', '26.11.2009', 'jouvla@seznam.cz', '653 599 183');
insert into zak (id_zak, id_adresa, jmeno, datum_narozeni, email, tel) values (137, 9, 'Helena Venclová', '16.09.2001', 'venhel@seznam.cz', '336 777 155');
insert into zak (id_zak, id_zakonny_zastupce,id_adresa, jmeno, datum_narozeni, email, tel) values (138, 170, 190, 'Věra Cvingráfová', '12.03.2010', 'cviver@seznam.cz', '315 951 394');
insert into zak (id_zak, id_zakonny_zastupce,id_adresa, jmeno, datum_narozeni, email, tel) values (139, 2, 301, 'Otto Morava', '18.02.2009', 'morott@seznam.cz', '271 468 572');
insert into zak (id_zak, id_zakonny_zastupce,id_adresa, jmeno, datum_narozeni, email, tel) values (140, 51, 195, 'Marek Ježa', '20.01.2012', 'jezmar@seznam.cz', '614 140 933');
insert into zak (id_zak, id_zakonny_zastupce,id_adresa, jmeno, datum_narozeni, email, tel) values (141, 137, 303, 'Eliška Bindzarová', '19.05.2006', 'bineli@seznam.cz', '126 752 495');
insert into zak (id_zak, id_zakonny_zastupce,id_adresa, jmeno, datum_narozeni, email, tel) values (142, 22, 128, 'Nikola Hronová', '16.07.2011', 'hronik@seznam.cz', '359 662 787');
insert into zak (id_zak, id_zakonny_zastupce,id_adresa, jmeno, datum_narozeni, email, tel) values (143, 194, 205, 'Jitka Píšová', '27.07.2014', 'pisjit@seznam.cz', '746 494 854');
insert into zak (id_zak, id_zakonny_zastupce,id_adresa, jmeno, datum_narozeni, email, tel) values (144, 138, 244, 'Jindřiška Macková', '28.12.2013', 'macjin@seznam.cz', '442 752 777');
insert into zak (id_zak, id_zakonny_zastupce,id_adresa, jmeno, datum_narozeni, email, tel) values (145, 120, 113, 'Andrea Špičáková', '09.12.2003', 'spiand@email.cz', '807 733 420');
insert into zak (id_zak, id_zakonny_zastupce,id_adresa, jmeno, datum_narozeni, email, tel) values (146, 59, 17, 'Emil Procházka', '23.03.2011', 'proemi@seznam.cz', '781 566 282');
insert into zak (id_zak, id_zakonny_zastupce,id_adresa, jmeno, datum_narozeni, email, tel) values (147, 171, 77, 'Roman Hejl', '13.06.2002', 'hejrom@gmail.com', '220 682 444');
insert into zak (id_zak, id_zakonny_zastupce,id_adresa, jmeno, datum_narozeni, email, tel) values (148, 62, 153, 'Milada Slatinská', '28.04.2006', 'slamil@seznam.cz', '902 771 998');
insert into zak (id_zak, id_adresa, jmeno, datum_narozeni, email, tel) values (149, 35, 'Pavla Lajtkepová', '02.05.1996', 'lajpav@gmail.com', '993 309 398');
insert into zak (id_zak, id_zakonny_zastupce,id_adresa, jmeno, datum_narozeni, email, tel) values (150, 110, 247, 'Monika Jarolímová', '02.03.2007', 'jarmon@seznam.cz', '388 574 738');
insert into zak (id_zak, id_zakonny_zastupce,id_adresa, jmeno, datum_narozeni, email, tel) values (151, 57, 93, 'Krista Królikowská', '04.04.2012', 'krókri@seznam.cz', '599 462 765');
insert into zak (id_zak, id_zakonny_zastupce,id_adresa, jmeno, datum_narozeni, email, tel) values (152, 52, 46, 'Ludmila Říhová', '26.06.2011', 'rihlud@email.cz', '963 763 347');
insert into zak (id_zak, id_adresa, jmeno, datum_narozeni, email, tel) values (153, 137, 'Radomír Příhoda', '22.06.1996', 'prirad@seznam.cz', '392 659 500');
insert into zak (id_zak, id_adresa, jmeno, datum_narozeni, email, tel) values (154, 240, 'Renata Repková', '11.07.2000', 'repren@seznam.cz', '166 262 211');
insert into zak (id_zak, id_adresa, jmeno, datum_narozeni, email, tel) values (155, 103, 'Lucie Baláková', '15.08.1999', 'balluc@gmail.com', '245 379 606');
insert into zak (id_zak, id_zakonny_zastupce,id_adresa, jmeno, datum_narozeni, email, tel) values (156, 94, 295, 'Natálie Pribulová', '01.08.2005', 'prinat@seznam.cz', '958 543 421');
insert into zak (id_zak, id_adresa, jmeno, datum_narozeni, email, tel) values (157, 274, 'Gabriela Majerová', '09.07.1996', 'majgab@gmail.com', '420 673 731');
insert into zak (id_zak, id_zakonny_zastupce,id_adresa, jmeno, datum_narozeni, email, tel) values (158, 127, 124, 'Ivana Polanská', '09.08.2014', 'poliva@seznam.cz', '770 216 826');
insert into zak (id_zak, id_zakonny_zastupce,id_adresa, jmeno, datum_narozeni, email, tel) values (159, 5, 145, 'Jarmila Chlumecká', '17.06.2007', 'chljar@seznam.cz', '911 135 403');
insert into zak (id_zak, id_adresa, jmeno, datum_narozeni, email, tel) values (160, 169, 'Nataliia Špetová', '15.09.2001', 'spenat@email.cz', '982 117 621');
insert into zak (id_zak, id_zakonny_zastupce,id_adresa, jmeno, datum_narozeni, email, tel) values (161, 31, 198, 'Bohumila Doležalová', '22.12.2009', 'dolboh@seznam.cz', '253 280 864');
insert into zak (id_zak, id_zakonny_zastupce,id_adresa, jmeno, datum_narozeni, email, tel) values (162, 26, 122, 'Miroslava Lišková', '02.12.2006', 'lismir@seznam.cz', '874 122 494');
insert into zak (id_zak, id_adresa, jmeno, datum_narozeni, email, tel) values (163, 207, 'Viktoriya Kozáková', '27.08.2000', 'kozvik@gmail.com', '451 316 120');
insert into zak (id_zak, id_zakonny_zastupce,id_adresa, jmeno, datum_narozeni, email, tel) values (164, 101, 189, 'Kamil Kosina', '09.01.2011', 'koskam@seznam.cz', '506 711 957');
insert into zak (id_zak, id_adresa, jmeno, datum_narozeni, email, tel) values (165, 27, 'Marcela Nováčková', '09.10.1995', 'novmar@seznam.cz', '388 464 986');
insert into zak (id_zak, id_zakonny_zastupce,id_adresa, jmeno, datum_narozeni, email, tel) values (166, 89, 118, 'Adam Kučera', '11.10.2009', 'kucada@yahoo.com', '143 271 749');
insert into zak (id_zak, id_adresa, jmeno, datum_narozeni, email, tel) values (167, 2, 'Oleksandra Strýčková', '21.10.1999', 'strole@seznam.cz', '531 146 817');
insert into zak (id_zak, id_zakonny_zastupce,id_adresa, jmeno, datum_narozeni, email, tel) values (168, 164, 131, 'Zdeňka Kolářová', '14.03.2005', 'kolzde@yahoo.com', '327 866 825');
insert into zak (id_zak, id_adresa, jmeno, datum_narozeni, email, tel) values (169, 51, 'Růžena Zimmerová', '02.12.1999', 'zimruz@seznam.cz', '498 194 596');
insert into zak (id_zak, id_zakonny_zastupce,id_adresa, jmeno, datum_narozeni, email, tel) values (170, 76, 97, 'Soňa Klimešová', '08.07.2004', 'klison@gmail.com', '169 966 268');
insert into zak (id_zak, id_adresa, jmeno, datum_narozeni, email, tel) values (171, 147, 'Radek Holáň', '10.01.2000', 'holrad@seznam.cz', '320 483 518');
insert into zak (id_zak, id_adresa, jmeno, datum_narozeni, email, tel) values (172, 106, 'Eleonora Bořilová', '26.01.2001', 'borele@seznam.cz', '410 747 164');
insert into zak (id_zak, id_zakonny_zastupce,id_adresa, jmeno, datum_narozeni, email, tel) values (173, 63, 61, 'Svatava Bahenská', '11.11.2010', 'bahsva@seznam.cz', '554 423 318');
insert into zak (id_zak, id_zakonny_zastupce,id_adresa, jmeno, datum_narozeni, email, tel) values (174, 42, 174, 'Miloslav Gorol', '02.10.2009', 'gormil@seznam.cz', '672 929 472');
insert into zak (id_zak, id_adresa, jmeno, datum_narozeni, email, tel) values (175, 270, 'Filip Košťál', '08.02.1995', 'kosfil@gmail.com', '362 739 445');
insert into zak (id_zak, id_zakonny_zastupce,id_adresa, jmeno, datum_narozeni, email, tel) values (176, 75, 87, 'Lenka Křenová', '16.10.2014', 'krelen@seznam.cz', '814 733 375');
insert into zak (id_zak, id_zakonny_zastupce,id_adresa, jmeno, datum_narozeni, email, tel) values (177, 54, 12, 'Věra Hradilová', '02.03.2013', 'hraver@seznam.cz', '866 556 633');
insert into zak (id_zak, id_zakonny_zastupce,id_adresa, jmeno, datum_narozeni, email, tel) values (178, 183, 216, 'Michaela Jahodová', '26.09.2012', 'jahmic@seznam.cz', '990 609 779');
insert into zak (id_zak, id_zakonny_zastupce,id_adresa, jmeno, datum_narozeni, email, tel) values (179, 88, 70, 'Zlatuše Klikarová', '15.06.2004', 'klizla@seznam.cz', '959 657 548');
insert into zak (id_zak, id_zakonny_zastupce,id_adresa, jmeno, datum_narozeni, email, tel) values (180, 161, 224, 'Michal Staněk', '10.09.2013', 'stamic@gmail.com', '786 734 189');
insert into zak (id_zak, id_zakonny_zastupce,id_adresa, jmeno, datum_narozeni, email, tel) values (181, 66, 73, 'Jiří Čeřovský', '01.05.2006', 'cerjir@yahoo.com', '132 272 453');
insert into zak (id_zak, id_zakonny_zastupce,id_adresa, jmeno, datum_narozeni, email, tel) values (182, 151, 201, 'Jan Shrbený', '29.10.2006', 'shrjan@seznam.cz', '704 548 337');
insert into zak (id_zak, id_zakonny_zastupce,id_adresa, jmeno, datum_narozeni, email, tel) values (183, 172, 20, 'Martin Petr', '09.10.2010', 'petmar@yahoo.com', '474 758 874');
insert into zak (id_zak, id_zakonny_zastupce,id_adresa, jmeno, datum_narozeni, email, tel) values (184, 189, 91, 'Eva Benáčková', '11.11.2013', 'beneva@seznam.cz', '181 446 762');
insert into zak (id_zak, id_zakonny_zastupce,id_adresa, jmeno, datum_narozeni, email, tel) values (185, 16, 183, 'Josef Mottl', '18.08.2011', 'motjos@yahoo.com', '703 886 597');
insert into zak (id_zak, id_adresa, jmeno, datum_narozeni, email, tel) values (186, 143, 'Tomáš Kocich', '25.03.1997', 'koctom@seznam.cz', '550 913 946');
insert into zak (id_zak, id_zakonny_zastupce,id_adresa, jmeno, datum_narozeni, email, tel) values (187, 197, 45, 'Naděžda Suchá', '23.02.2009', 'sucnad@seznam.cz', '145 797 968');
insert into zak (id_zak, id_adresa, jmeno, datum_narozeni, email, tel) values (188, 98, 'Petr Víšek', '28.12.2000', 'vispet@gmail.com', '461 323 488');
insert into zak (id_zak, id_zakonny_zastupce,id_adresa, jmeno, datum_narozeni, email, tel) values (189, 106, 186, 'Václav Lejčar', '13.12.2004', 'lejvac@bing.com', '907 497 767');
insert into zak (id_zak, id_zakonny_zastupce,id_adresa, jmeno, datum_narozeni, email, tel) values (190, 68, 156, 'Jitka Maštalířová', '01.02.2008', 'masjit@seznam.cz', '573 494 584');
insert into zak (id_zak, id_zakonny_zastupce,id_adresa, jmeno, datum_narozeni, email, tel) values (191, 162, 58, 'Milan Andreev', '16.12.2008', 'andmil@bing.com', '377 312 782');
insert into zak (id_zak, id_zakonny_zastupce,id_adresa, jmeno, datum_narozeni, email, tel) values (192, 118, 250, 'Miroslava Nováková', '04.12.2009', 'novmir@seznam.cz', '639 394 451');
insert into zak (id_zak, id_adresa, jmeno, datum_narozeni, email, tel) values (193, 218, 'Daniel Kořistka', '02.06.1999', 'kordan@seznam.cz', '419 511 748');
insert into zak (id_zak, id_adresa, jmeno, datum_narozeni, email, tel) values (194, 233, 'Marie Dobrovodská', '26.03.2002', 'dobmar@gmail.com', '442 666 929');
insert into zak (id_zak, id_zakonny_zastupce,id_adresa, jmeno, datum_narozeni, email, tel) values (195, 80, 294, 'Iveta Vachtlová', '07.02.2014', 'vacive@seznam.cz', '311 724 722');
insert into zak (id_zak, id_zakonny_zastupce,id_adresa, jmeno, datum_narozeni, email, tel) values (196, 4, 151, 'Vlasta Gušlová', '20.02.2009', 'gusvla@seznam.cz', '539 386 644');
insert into zak (id_zak, id_zakonny_zastupce,id_adresa, jmeno, datum_narozeni, email, tel) values (197, 192, 162, 'Erik Hák', '13.02.2014', 'hakeri@seznam.cz', '763 321 877');
insert into zak (id_zak, id_zakonny_zastupce,id_adresa, jmeno, datum_narozeni, email, tel) values (198, 38, 285, 'Dušan Pokluda', '29.07.2013', 'pokdus@seznam.cz', '201 220 962');
insert into zak (id_zak, id_zakonny_zastupce,id_adresa, jmeno, datum_narozeni, email, tel) values (199, 129, 132, 'Vladimíra Bulínová', '14.05.2005', 'bulvla@seznam.cz', '501 798 644');
insert into zak (id_zak, id_zakonny_zastupce,id_adresa, jmeno, datum_narozeni, email, tel) values (200, 188, 65, 'Karel Lebruška', '26.06.2013', 'lebkar@gmail.com', '529 485 434');
insert into zak (id_zak, id_zakonny_zastupce,id_adresa, jmeno, datum_narozeni, email, tel) values (201, 159, 34, 'Jana Blizňáková', '17.10.2012', 'blijan@seznam.cz', '929 556 378');
insert into zak (id_zak, id_zakonny_zastupce,id_adresa, jmeno, datum_narozeni, email, tel) values (202, 166, 266, 'Vojtěch Novák', '06.12.2010', 'novvoj@seznam.cz', '647 380 350');
insert into zak (id_zak, id_zakonny_zastupce,id_adresa, jmeno, datum_narozeni, email, tel) values (203, 93, 223, 'Monika Volechová', '23.05.2014', 'volmon@gmail.com', '920 276 219');
insert into zak (id_zak, id_zakonny_zastupce,id_adresa, jmeno, datum_narozeni, email, tel) values (204, 117, 197, 'Vítězslav Mátl', '17.11.2004', 'matvit@seznam.cz', '853 550 752');
insert into zak (id_zak, id_zakonny_zastupce,id_adresa, jmeno, datum_narozeni, email, tel) values (205, 145, 140, 'František Sobotka', '01.06.2009', 'sobfra@email.cz', '375 563 954');
insert into zak (id_zak, id_zakonny_zastupce,id_adresa, jmeno, datum_narozeni, email, tel) values (206, 125, 43, 'Dana Švaříčková', '02.07.2002', 'svadan@seznam.cz', '942 762 850');
insert into zak (id_zak, id_zakonny_zastupce,id_adresa, jmeno, datum_narozeni, email, tel) values (207, 124, 164, 'Antonín Němec', '20.01.2006', 'nemant@seznam.cz', '222 252 422');
insert into zak (id_zak, id_zakonny_zastupce,id_adresa, jmeno, datum_narozeni, email, tel) values (208, 15, 62, 'Pavlína Řezáčová', '17.03.2007', 'rezpav@seznam.cz', '866 548 594');
insert into zak (id_zak, id_adresa, jmeno, datum_narozeni, email, tel) values (209, 23, 'Jakub Bubela', '18.03.1996', 'bubjak@gmail.com', '577 422 551');
insert into zak (id_zak, id_adresa, jmeno, datum_narozeni, email, tel) values (210, 194, 'Stanislav Šíma', '20.05.1999', 'simsta@bing.com', '573 815 262');
insert into zak (id_zak, id_zakonny_zastupce,id_adresa, jmeno, datum_narozeni, email, tel) values (211, 97, 76, 'Iva Dvořáková', '14.10.2006', 'dvoiva@gmail.com', '874 418 911');
insert into zak (id_zak, id_zakonny_zastupce,id_adresa, jmeno, datum_narozeni, email, tel) values (212, 154, 219, 'Miroslav Hlavinka', '10.04.2003', 'hlamir@seznam.cz', '495 163 254');
insert into zak (id_zak, id_zakonny_zastupce,id_adresa, jmeno, datum_narozeni, email, tel) values (213, 99, 263, 'Zdeněk Tögel', '15.11.2005', 'togzde@seznam.cz', '865 362 804');
insert into zak (id_zak, id_zakonny_zastupce,id_adresa, jmeno, datum_narozeni, email, tel) values (214, 178, 54, 'Pavel Bezděk', '20.11.2012', 'bezpav@bing.com', '955 246 575');
insert into zak (id_zak, id_adresa, jmeno, datum_narozeni, email, tel) values (215, 142, 'Gabriela Steinzová', '16.03.1997', 'stegab@email.cz', '595 935 210');
insert into zak (id_zak, id_adresa, jmeno, datum_narozeni, email, tel) values (216, 38, 'Hana Horká', '11.10.1995', 'horhan@seznam.cz', '770 598 552');
insert into zak (id_zak, id_zakonny_zastupce,id_adresa, jmeno, datum_narozeni, email, tel) values (217, 72, 11, 'Veronika Žáková', '23.07.2006', 'zakver@seznam.cz', '112 887 674');
insert into zak (id_zak, id_zakonny_zastupce,id_adresa, jmeno, datum_narozeni, email, tel) values (218, 149, 133, 'Jaroslav Dobruš', '08.11.2003', 'dobjar@email.cz', '996 990 532');
insert into zak (id_zak, id_adresa, jmeno, datum_narozeni, email, tel) values (219, 213, 'Kristýna Hartmannová', '24.02.1995', 'harkri@seznam.cz', '209 961 415');
insert into zak (id_zak, id_adresa, jmeno, datum_narozeni, email, tel) values (220, 144, 'Petra Skopalová', '15.08.1999', 'skopet@bing.com', '223 661 315');
insert into zak (id_zak, id_adresa, jmeno, datum_narozeni, email, tel) values (221, 304, 'Vladislav Kašpar', '10.06.1999', 'kasvla@seznam.cz', '719 274 793');
insert into zak (id_zak, id_zakonny_zastupce,id_adresa, jmeno, datum_narozeni, email, tel) values (222, 135, 7, 'Olga Kufová', '07.05.2013', 'kufolg@bing.com', '532 389 486');
insert into zak (id_zak, id_zakonny_zastupce,id_adresa, jmeno, datum_narozeni, email, tel) values (223, 113, 236, 'Nina Tomková', '18.07.2004', 'tomnin@seznam.cz', '566 483 179');
insert into zak (id_zak, id_zakonny_zastupce,id_adresa, jmeno, datum_narozeni, email, tel) values (224, 61, 79, 'Anna Lopraisová', '01.07.2010', 'lopann@email.cz', '956 456 245');
insert into zak (id_zak, id_zakonny_zastupce,id_adresa, jmeno, datum_narozeni, email, tel) values (225, 47, 72, 'Vladimír Pospíšil', '07.05.2012', 'posvla@seznam.cz', '498 759 387');
insert into zak (id_zak, id_zakonny_zastupce,id_adresa, jmeno, datum_narozeni, email, tel) values (226, 60, 203, 'Andreas Kotouč', '18.08.2009', 'kotand@seznam.cz', '402 160 998');
insert into zak (id_zak, id_adresa, jmeno, datum_narozeni, email, tel) values (227, 302, 'Lukáš Dřízhal', '08.07.1996', 'driluk@seznam.cz', '304 680 944');
insert into zak (id_zak, id_zakonny_zastupce,id_adresa, jmeno, datum_narozeni, email, tel) values (228, 193, 148, 'Jarmila Růžičková', '30.04.2005', 'ruzjar@seznam.cz', '652 315 298');
insert into zak (id_zak, id_zakonny_zastupce,id_adresa, jmeno, datum_narozeni, email, tel) values (229, 133, 283, 'Alois Sýkora', '16.11.2002', 'sykalo@bing.com', '138 733 872');
insert into zak (id_zak, id_adresa, jmeno, datum_narozeni, email, tel) values (230, 170, 'Zdeňka Astrová', '24.09.2001', 'astzde@seznam.cz', '151 680 755');
insert into zak (id_zak, id_zakonny_zastupce,id_adresa, jmeno, datum_narozeni, email, tel) values (231, 65, 86, 'Marcela Janků', '08.02.2013', 'janmar@bing.com', '267 585 965');
insert into zak (id_zak, id_zakonny_zastupce,id_adresa, jmeno, datum_narozeni, email, tel) values (232, 175, 59, 'Denisa Fidlerová', '12.09.2013', 'fidden@seznam.cz', '813 800 935');
insert into zak (id_zak, id_zakonny_zastupce,id_adresa, jmeno, datum_narozeni, email, tel) values (233, 67, 84, 'Božena Halvová', '22.08.2007', 'halboz@yahoo.com', '871 712 509');
insert into zak (id_zak, id_adresa, jmeno, datum_narozeni, email, tel) values (234, 226, 'Eliška Mojhová', '14.05.1997', 'mojeli@seznam.cz', '908 958 682');
insert into zak (id_zak, id_zakonny_zastupce,id_adresa, jmeno, datum_narozeni, email, tel) values (235, 77, 252, 'Tereza Čápová', '06.09.2006', 'capter@yahoo.com', '164 313 298');
insert into zak (id_zak, id_zakonny_zastupce,id_adresa, jmeno, datum_narozeni, email, tel) values (236, 160, 52, 'Helena Novotná', '01.07.2012', 'novhel@email.cz', '660 715 449');
insert into zak (id_zak, id_zakonny_zastupce,id_adresa, jmeno, datum_narozeni, email, tel) values (237, 158, 253, 'Milena Burešová', '25.05.2009', 'burmil@bing.com', '736 583 462');
insert into zak (id_zak, id_adresa, jmeno, datum_narozeni, email, tel) values (238, 125, 'Jaroslava Knížová', '17.01.1997', 'knijar@seznam.cz', '228 758 346');
insert into zak (id_zak, id_adresa, jmeno, datum_narozeni, email, tel) values (239, 63, 'Miloslav Podolan', '05.10.1997', 'podmil@seznam.cz', '864 478 409');
insert into zak (id_zak, id_zakonny_zastupce,id_adresa, jmeno, datum_narozeni, email, tel) values (240, 23, 241, 'Roman Šindler', '13.05.2005', 'sinrom@seznam.cz', '502 611 477');
insert into zak (id_zak, id_zakonny_zastupce,id_adresa, jmeno, datum_narozeni, email, tel) values (241, 169, 14, 'Irena Flašková', '04.06.2007', 'flaire@seznam.cz', '705 888 759');
insert into zak (id_zak, id_zakonny_zastupce,id_adresa, jmeno, datum_narozeni, email, tel) values (242, 147, 102, 'Blanka Polanská', '21.09.2003', 'polbla@seznam.cz', '633 517 131');
insert into zak (id_zak, id_zakonny_zastupce,id_adresa, jmeno, datum_narozeni, email, tel) values (243, 90, 25, 'Igor Dandáš', '30.07.2003', 'danigo@yahoo.com', '846 951 714');
insert into zak (id_zak, id_zakonny_zastupce,id_adresa, jmeno, datum_narozeni, email, tel) values (244, 81, 28, 'Dagmar Bednaříková', '19.02.2010', 'beddag@seznam.cz', '827 411 616');
insert into zak (id_zak, id_zakonny_zastupce,id_adresa, jmeno, datum_narozeni, email, tel) values (245, 1, 121, 'Kateřina Dušejovská', '13.08.2005', 'duskat@seznam.cz', '114 473 513');
insert into zak (id_zak, id_adresa, jmeno, datum_narozeni, email, tel) values (246, 110, 'Lucie Přadková', '20.01.1999', 'praluc@seznam.cz', '677 551 823');
insert into zak (id_zak, id_adresa, jmeno, datum_narozeni, email, tel) values (247, 290, 'Andrea Vašíčková', '22.02.1998', 'vasand@email.cz', '710 586 345');
insert into zak (id_zak, id_zakonny_zastupce,id_adresa, jmeno, datum_narozeni, email, tel) values (248, 44, 165, 'Alena Trombiková', '31.07.2011', 'troale@seznam.cz', '181 453 640');
insert into zak (id_zak, id_zakonny_zastupce,id_adresa, jmeno, datum_narozeni, email, tel) values (249, 139, 179, 'Květuše Maxová', '03.02.2006', 'maxkve@seznam.cz', '354 856 212');
insert into zak (id_zak, id_zakonny_zastupce,id_adresa, jmeno, datum_narozeni, email, tel) values (250, 53, 39, 'Ladislav Píšek', '09.04.2014', 'pislad@seznam.cz', '196 797 326');
insert into zak (id_zak, id_zakonny_zastupce,id_adresa, jmeno, datum_narozeni, email, tel) values (251, 104, 126, 'Vlastimil Falář', '12.01.2011', 'falvla@email.cz', '704 867 614');
insert into zak (id_zak, id_zakonny_zastupce,id_adresa, jmeno, datum_narozeni, email, tel) values (252, 150, 138, 'Barbora Zemanová', '29.12.2002', 'zembar@seznam.cz', '507 864 647');
insert into zak (id_zak, id_zakonny_zastupce,id_adresa, jmeno, datum_narozeni, email, tel) values (253, 181, 167, 'David Kantor', '31.07.2006', 'kandav@bing.com', '188 649 148');
insert into zak (id_zak, id_adresa, jmeno, datum_narozeni, email, tel) values (254, 49, 'Ludmila Skýpalová', '26.06.1996', 'skylud@seznam.cz', '738 544 530');
insert into zak (id_zak, id_zakonny_zastupce,id_adresa, jmeno, datum_narozeni, email, tel) values (255, 128, 101, 'Luboš Nečas', '19.10.2007', 'neclub@seznam.cz', '403 874 312');
insert into zak (id_zak, id_adresa, jmeno, datum_narozeni, email, tel) values (256, 264, 'Robert Hloušek', '10.01.1997', 'hlorob@yahoo.com', '899 692 255');
insert into zak (id_zak, id_zakonny_zastupce,id_adresa, jmeno, datum_narozeni, email, tel) values (257, 24, 225, 'Natálie Prágrová', '12.04.2010', 'pranat@bing.com', '940 360 474');
insert into zak (id_zak, id_zakonny_zastupce,id_adresa, jmeno, datum_narozeni, email, tel) values (258, 56, 112, 'Ivana Hovorková', '29.06.2010', 'hoviva@email.cz', '837 761 471');
insert into zak (id_zak, id_zakonny_zastupce,id_adresa, jmeno, datum_narozeni, email, tel) values (259, 73, 135, 'Aminat Hanousková', '01.03.2006', 'hanami@seznam.cz', '440 254 804');
insert into zak (id_zak, id_zakonny_zastupce,id_adresa, jmeno, datum_narozeni, email, tel) values (260, 108, 44, 'Zuzana Obalová', '18.12.2013', 'obazuz@email.cz', '193 775 987');
insert into zak (id_zak, id_zakonny_zastupce,id_adresa, jmeno, datum_narozeni, email, tel) values (261, 37, 258, 'Žofie Jelínková', '30.05.2004', 'jelzof@seznam.cz', '677 417 253');
insert into zak (id_zak, id_adresa, jmeno, datum_narozeni, email, tel) values (262, 192, 'Martina Šnajdrová', '04.12.2001', 'snamar@seznam.cz', '330 753 480');
insert into zak (id_zak, id_adresa, jmeno, datum_narozeni, email, tel) values (263, 105, 'Miloslava Lerová', '11.08.1997', 'lermil@seznam.cz', '929 916 814');
insert into zak (id_zak, id_adresa, jmeno, datum_narozeni, email, tel) values (264, 230, 'Adéla Cibulková', '20.12.1999', 'cibade@bing.com', '116 564 658');
insert into zak (id_zak, id_zakonny_zastupce,id_adresa, jmeno, datum_narozeni, email, tel) values (265, 103, 81, 'Ondřej Kuhejda', '17.04.2006', 'kuhond@email.cz', '371 308 410');
insert into zak (id_zak, id_zakonny_zastupce,id_adresa, jmeno, datum_narozeni, email, tel) values (266, 18, 99, 'Jiřina Rychlingová', '05.05.2007', 'rycjir@seznam.cz', '702 979 371');
insert into zak (id_zak, id_zakonny_zastupce,id_adresa, jmeno, datum_narozeni, email, tel) values (267, 25, 15, 'Šárka Lysá', '03.04.2008', 'lyssar@yahoo.com', '858 256 218');
insert into zak (id_zak, id_zakonny_zastupce,id_adresa, jmeno, datum_narozeni, email, tel) values (268, 58, 42, 'Libor Koníček', '14.08.2014', 'konlib@seznam.cz', '842 754 941');
insert into zak (id_zak, id_zakonny_zastupce,id_adresa, jmeno, datum_narozeni, email, tel) values (269, 163, 220, 'Otto Sásik', '07.02.2008', 'sasott@email.cz', '143 978 657');
insert into zak (id_zak, id_zakonny_zastupce,id_adresa, jmeno, datum_narozeni, email, tel) values (270, 199, 24, 'Markéta Harudová', '12.11.2013', 'harmar@seznam.cz', '393 282 416');
insert into zak (id_zak, id_zakonny_zastupce,id_adresa, jmeno, datum_narozeni, email, tel) values (271, 182, 199, 'Radomír Hyxa', '03.04.2009', 'hyxrad@seznam.cz', '967 793 489');
insert into zak (id_zak, id_zakonny_zastupce,id_adresa, jmeno, datum_narozeni, email, tel) values (272, 20, 166, 'Dalibor Švihla', '06.11.2004', 'svidal@yahoo.com', '277 402 194');
insert into zak (id_zak, id_zakonny_zastupce,id_adresa, jmeno, datum_narozeni, email, tel) values (273, 32, 104, 'Marek Chlumský', '18.06.2014', 'chlmar@seznam.cz', '990 639 711');
insert into zak (id_zak, id_adresa, jmeno, datum_narozeni, email, tel) values (274, 92, 'Oldřich Krejčí', '06.07.2001', 'kreold@bing.com', '783 222 839');
insert into zak (id_zak, id_zakonny_zastupce,id_adresa, jmeno, datum_narozeni, email, tel) values (275, 45, 191, 'Radka Veselá', '18.03.2013', 'vesrad@seznam.cz', '115 236 750');

insert into koncert_zak_rel (id_koncert, id_zak) values (25, 244);
insert into koncert_zak_rel (id_koncert, id_zak) values (7, 241);
insert into koncert_zak_rel (id_koncert, id_zak) values (17, 173);
insert into koncert_zak_rel (id_koncert, id_zak) values (44, 241);
insert into koncert_zak_rel (id_koncert, id_zak) values (23, 245);
insert into koncert_zak_rel (id_koncert, id_zak) values (2, 233);
insert into koncert_zak_rel (id_koncert, id_zak) values (6, 106);
insert into koncert_zak_rel (id_koncert, id_zak) values (15, 120);
insert into koncert_zak_rel (id_koncert, id_zak) values (48, 11);
insert into koncert_zak_rel (id_koncert, id_zak) values (5, 253);
insert into koncert_zak_rel (id_koncert, id_zak) values (28, 237);
insert into koncert_zak_rel (id_koncert, id_zak) values (38, 50);
insert into koncert_zak_rel (id_koncert, id_zak) values (43, 30);
insert into koncert_zak_rel (id_koncert, id_zak) values (47, 244);
insert into koncert_zak_rel (id_koncert, id_zak) values (49, 239);
insert into koncert_zak_rel (id_koncert, id_zak) values (17, 260);
insert into koncert_zak_rel (id_koncert, id_zak) values (12, 30);
insert into koncert_zak_rel (id_koncert, id_zak) values (45, 115);
insert into koncert_zak_rel (id_koncert, id_zak) values (27, 81);
insert into koncert_zak_rel (id_koncert, id_zak) values (12, 137);
insert into koncert_zak_rel (id_koncert, id_zak) values (42, 48);
insert into koncert_zak_rel (id_koncert, id_zak) values (14, 164);
insert into koncert_zak_rel (id_koncert, id_zak) values (30, 33);
insert into koncert_zak_rel (id_koncert, id_zak) values (1, 265);
insert into koncert_zak_rel (id_koncert, id_zak) values (16, 115);
insert into koncert_zak_rel (id_koncert, id_zak) values (11, 169);
insert into koncert_zak_rel (id_koncert, id_zak) values (16, 152);
insert into koncert_zak_rel (id_koncert, id_zak) values (14, 253);
insert into koncert_zak_rel (id_koncert, id_zak) values (23, 58);
insert into koncert_zak_rel (id_koncert, id_zak) values (33, 110);
insert into koncert_zak_rel (id_koncert, id_zak) values (43, 172);
insert into koncert_zak_rel (id_koncert, id_zak) values (47, 19);
insert into koncert_zak_rel (id_koncert, id_zak) values (37, 183);
insert into koncert_zak_rel (id_koncert, id_zak) values (26, 5);
insert into koncert_zak_rel (id_koncert, id_zak) values (4, 92);
insert into koncert_zak_rel (id_koncert, id_zak) values (24, 238);
insert into koncert_zak_rel (id_koncert, id_zak) values (41, 142);
insert into koncert_zak_rel (id_koncert, id_zak) values (5, 20);
insert into koncert_zak_rel (id_koncert, id_zak) values (38, 136);
insert into koncert_zak_rel (id_koncert, id_zak) values (11, 165);
insert into koncert_zak_rel (id_koncert, id_zak) values (46, 188);
insert into koncert_zak_rel (id_koncert, id_zak) values (35, 58);
insert into koncert_zak_rel (id_koncert, id_zak) values (6, 243);
insert into koncert_zak_rel (id_koncert, id_zak) values (31, 146);
insert into koncert_zak_rel (id_koncert, id_zak) values (28, 132);
insert into koncert_zak_rel (id_koncert, id_zak) values (11, 135);
insert into koncert_zak_rel (id_koncert, id_zak) values (33, 239);
insert into koncert_zak_rel (id_koncert, id_zak) values (2, 86);
insert into koncert_zak_rel (id_koncert, id_zak) values (49, 211);
insert into koncert_zak_rel (id_koncert, id_zak) values (33, 194);
insert into koncert_zak_rel (id_koncert, id_zak) values (20, 179);
insert into koncert_zak_rel (id_koncert, id_zak) values (29, 225);
insert into koncert_zak_rel (id_koncert, id_zak) values (39, 68);
insert into koncert_zak_rel (id_koncert, id_zak) values (15, 102);
insert into koncert_zak_rel (id_koncert, id_zak) values (6, 25);
insert into koncert_zak_rel (id_koncert, id_zak) values (26, 190);
insert into koncert_zak_rel (id_koncert, id_zak) values (17, 104);
insert into koncert_zak_rel (id_koncert, id_zak) values (40, 33);
insert into koncert_zak_rel (id_koncert, id_zak) values (41, 256);
insert into koncert_zak_rel (id_koncert, id_zak) values (34, 127);
insert into koncert_zak_rel (id_koncert, id_zak) values (5, 137);
insert into koncert_zak_rel (id_koncert, id_zak) values (50, 199);
insert into koncert_zak_rel (id_koncert, id_zak) values (48, 10);
insert into koncert_zak_rel (id_koncert, id_zak) values (26, 211);
insert into koncert_zak_rel (id_koncert, id_zak) values (3, 62);
insert into koncert_zak_rel (id_koncert, id_zak) values (37, 29);
insert into koncert_zak_rel (id_koncert, id_zak) values (47, 3);
insert into koncert_zak_rel (id_koncert, id_zak) values (49, 173);
insert into koncert_zak_rel (id_koncert, id_zak) values (43, 165);
insert into koncert_zak_rel (id_koncert, id_zak) values (21, 203);
insert into koncert_zak_rel (id_koncert, id_zak) values (26, 76);
insert into koncert_zak_rel (id_koncert, id_zak) values (22, 39);
insert into koncert_zak_rel (id_koncert, id_zak) values (29, 163);
insert into koncert_zak_rel (id_koncert, id_zak) values (28, 52);
insert into koncert_zak_rel (id_koncert, id_zak) values (6, 24);
insert into koncert_zak_rel (id_koncert, id_zak) values (18, 156);
insert into koncert_zak_rel (id_koncert, id_zak) values (36, 24);
insert into koncert_zak_rel (id_koncert, id_zak) values (22, 11);
insert into koncert_zak_rel (id_koncert, id_zak) values (50, 14);
insert into koncert_zak_rel (id_koncert, id_zak) values (38, 78);
insert into koncert_zak_rel (id_koncert, id_zak) values (2, 219);
insert into koncert_zak_rel (id_koncert, id_zak) values (33, 238);
insert into koncert_zak_rel (id_koncert, id_zak) values (20, 274);
insert into koncert_zak_rel (id_koncert, id_zak) values (50, 113);
insert into koncert_zak_rel (id_koncert, id_zak) values (20, 250);
insert into koncert_zak_rel (id_koncert, id_zak) values (25, 97);
insert into koncert_zak_rel (id_koncert, id_zak) values (8, 78);
insert into koncert_zak_rel (id_koncert, id_zak) values (27, 262);
insert into koncert_zak_rel (id_koncert, id_zak) values (25, 44);
insert into koncert_zak_rel (id_koncert, id_zak) values (29, 110);
insert into koncert_zak_rel (id_koncert, id_zak) values (3, 118);
insert into koncert_zak_rel (id_koncert, id_zak) values (47, 100);
insert into koncert_zak_rel (id_koncert, id_zak) values (21, 155);
insert into koncert_zak_rel (id_koncert, id_zak) values (46, 100);
insert into koncert_zak_rel (id_koncert, id_zak) values (45, 35);
insert into koncert_zak_rel (id_koncert, id_zak) values (3, 268);
insert into koncert_zak_rel (id_koncert, id_zak) values (2, 179);
insert into koncert_zak_rel (id_koncert, id_zak) values (5, 33);
insert into koncert_zak_rel (id_koncert, id_zak) values (39, 172);
insert into koncert_zak_rel (id_koncert, id_zak) values (6, 39);
insert into koncert_zak_rel (id_koncert, id_zak) values (15, 91);
insert into koncert_zak_rel (id_koncert, id_zak) values (4, 28);
insert into koncert_zak_rel (id_koncert, id_zak) values (14, 48);
insert into koncert_zak_rel (id_koncert, id_zak) values (1, 152);
insert into koncert_zak_rel (id_koncert, id_zak) values (35, 9);
insert into koncert_zak_rel (id_koncert, id_zak) values (4, 209);
insert into koncert_zak_rel (id_koncert, id_zak) values (18, 202);
insert into koncert_zak_rel (id_koncert, id_zak) values (20, 76);
insert into koncert_zak_rel (id_koncert, id_zak) values (42, 159);
insert into koncert_zak_rel (id_koncert, id_zak) values (31, 71);
insert into koncert_zak_rel (id_koncert, id_zak) values (50, 40);
insert into koncert_zak_rel (id_koncert, id_zak) values (32, 171);
insert into koncert_zak_rel (id_koncert, id_zak) values (37, 248);
insert into koncert_zak_rel (id_koncert, id_zak) values (23, 213);
insert into koncert_zak_rel (id_koncert, id_zak) values (42, 17);
insert into koncert_zak_rel (id_koncert, id_zak) values (17, 59);
insert into koncert_zak_rel (id_koncert, id_zak) values (16, 3);
insert into koncert_zak_rel (id_koncert, id_zak) values (14, 74);
insert into koncert_zak_rel (id_koncert, id_zak) values (31, 272);
insert into koncert_zak_rel (id_koncert, id_zak) values (3, 54);
insert into koncert_zak_rel (id_koncert, id_zak) values (23, 270);
insert into koncert_zak_rel (id_koncert, id_zak) values (48, 161);
insert into koncert_zak_rel (id_koncert, id_zak) values (12, 208);
insert into koncert_zak_rel (id_koncert, id_zak) values (9, 78);
insert into koncert_zak_rel (id_koncert, id_zak) values (29, 223);
insert into koncert_zak_rel (id_koncert, id_zak) values (50, 124);
insert into koncert_zak_rel (id_koncert, id_zak) values (14, 42);
insert into koncert_zak_rel (id_koncert, id_zak) values (34, 246);
insert into koncert_zak_rel (id_koncert, id_zak) values (13, 72);
insert into koncert_zak_rel (id_koncert, id_zak) values (7, 223);
insert into koncert_zak_rel (id_koncert, id_zak) values (6, 29);
insert into koncert_zak_rel (id_koncert, id_zak) values (35, 44);
insert into koncert_zak_rel (id_koncert, id_zak) values (26, 100);
insert into koncert_zak_rel (id_koncert, id_zak) values (39, 45);
insert into koncert_zak_rel (id_koncert, id_zak) values (13, 216);
insert into koncert_zak_rel (id_koncert, id_zak) values (7, 103);
insert into koncert_zak_rel (id_koncert, id_zak) values (7, 216);
insert into koncert_zak_rel (id_koncert, id_zak) values (10, 116);
insert into koncert_zak_rel (id_koncert, id_zak) values (21, 14);
insert into koncert_zak_rel (id_koncert, id_zak) values (19, 227);
insert into koncert_zak_rel (id_koncert, id_zak) values (26, 50);
insert into koncert_zak_rel (id_koncert, id_zak) values (3, 53);
insert into koncert_zak_rel (id_koncert, id_zak) values (20, 118);
insert into koncert_zak_rel (id_koncert, id_zak) values (3, 44);
insert into koncert_zak_rel (id_koncert, id_zak) values (43, 65);
insert into koncert_zak_rel (id_koncert, id_zak) values (21, 39);
insert into koncert_zak_rel (id_koncert, id_zak) values (2, 202);
insert into koncert_zak_rel (id_koncert, id_zak) values (24, 62);
insert into koncert_zak_rel (id_koncert, id_zak) values (22, 18);
insert into koncert_zak_rel (id_koncert, id_zak) values (38, 239);
insert into koncert_zak_rel (id_koncert, id_zak) values (15, 16);
insert into koncert_zak_rel (id_koncert, id_zak) values (22, 219);
insert into koncert_zak_rel (id_koncert, id_zak) values (17, 42);
insert into koncert_zak_rel (id_koncert, id_zak) values (40, 176);
insert into koncert_zak_rel (id_koncert, id_zak) values (33, 251);
insert into koncert_zak_rel (id_koncert, id_zak) values (21, 55);
insert into koncert_zak_rel (id_koncert, id_zak) values (32, 107);
insert into koncert_zak_rel (id_koncert, id_zak) values (21, 119);
insert into koncert_zak_rel (id_koncert, id_zak) values (16, 149);
insert into koncert_zak_rel (id_koncert, id_zak) values (27, 115);
insert into koncert_zak_rel (id_koncert, id_zak) values (16, 77);
insert into koncert_zak_rel (id_koncert, id_zak) values (45, 214);
insert into koncert_zak_rel (id_koncert, id_zak) values (26, 115);
insert into koncert_zak_rel (id_koncert, id_zak) values (18, 194);
insert into koncert_zak_rel (id_koncert, id_zak) values (50, 240);
insert into koncert_zak_rel (id_koncert, id_zak) values (25, 2);
insert into koncert_zak_rel (id_koncert, id_zak) values (19, 63);
insert into koncert_zak_rel (id_koncert, id_zak) values (42, 4);
insert into koncert_zak_rel (id_koncert, id_zak) values (5, 109);
insert into koncert_zak_rel (id_koncert, id_zak) values (12, 176);
insert into koncert_zak_rel (id_koncert, id_zak) values (34, 102);
insert into koncert_zak_rel (id_koncert, id_zak) values (10, 79);
insert into koncert_zak_rel (id_koncert, id_zak) values (22, 58);
insert into koncert_zak_rel (id_koncert, id_zak) values (15, 3);
insert into koncert_zak_rel (id_koncert, id_zak) values (29, 239);
insert into koncert_zak_rel (id_koncert, id_zak) values (42, 162);
insert into koncert_zak_rel (id_koncert, id_zak) values (40, 249);
insert into koncert_zak_rel (id_koncert, id_zak) values (17, 134);
insert into koncert_zak_rel (id_koncert, id_zak) values (30, 101);
insert into koncert_zak_rel (id_koncert, id_zak) values (40, 167);
insert into koncert_zak_rel (id_koncert, id_zak) values (36, 77);
insert into koncert_zak_rel (id_koncert, id_zak) values (14, 45);
insert into koncert_zak_rel (id_koncert, id_zak) values (20, 116);
insert into koncert_zak_rel (id_koncert, id_zak) values (47, 172);
insert into koncert_zak_rel (id_koncert, id_zak) values (50, 91);
insert into koncert_zak_rel (id_koncert, id_zak) values (30, 87);
insert into koncert_zak_rel (id_koncert, id_zak) values (39, 91);
insert into koncert_zak_rel (id_koncert, id_zak) values (11, 158);
insert into koncert_zak_rel (id_koncert, id_zak) values (34, 206);
insert into koncert_zak_rel (id_koncert, id_zak) values (16, 157);
insert into koncert_zak_rel (id_koncert, id_zak) values (38, 122);
insert into koncert_zak_rel (id_koncert, id_zak) values (3, 238);
insert into koncert_zak_rel (id_koncert, id_zak) values (4, 187);
insert into koncert_zak_rel (id_koncert, id_zak) values (3, 184);
insert into koncert_zak_rel (id_koncert, id_zak) values (27, 40);
insert into koncert_zak_rel (id_koncert, id_zak) values (8, 268);
insert into koncert_zak_rel (id_koncert, id_zak) values (30, 262);
insert into koncert_zak_rel (id_koncert, id_zak) values (34, 151);
insert into koncert_zak_rel (id_koncert, id_zak) values (17, 57);
insert into koncert_zak_rel (id_koncert, id_zak) values (3, 34);
insert into koncert_zak_rel (id_koncert, id_zak) values (20, 1);
insert into koncert_zak_rel (id_koncert, id_zak) values (48, 2);
insert into koncert_zak_rel (id_koncert, id_zak) values (31, 154);
insert into koncert_zak_rel (id_koncert, id_zak) values (11, 6);
insert into koncert_zak_rel (id_koncert, id_zak) values (32, 68);
insert into koncert_zak_rel (id_koncert, id_zak) values (19, 117);
insert into koncert_zak_rel (id_koncert, id_zak) values (22, 41);
insert into koncert_zak_rel (id_koncert, id_zak) values (40, 5);
insert into koncert_zak_rel (id_koncert, id_zak) values (37, 141);
insert into koncert_zak_rel (id_koncert, id_zak) values (14, 122);
insert into koncert_zak_rel (id_koncert, id_zak) values (23, 18);
insert into koncert_zak_rel (id_koncert, id_zak) values (50, 152);
insert into koncert_zak_rel (id_koncert, id_zak) values (28, 157);
insert into koncert_zak_rel (id_koncert, id_zak) values (36, 249);
insert into koncert_zak_rel (id_koncert, id_zak) values (8, 23);
insert into koncert_zak_rel (id_koncert, id_zak) values (24, 63);
insert into koncert_zak_rel (id_koncert, id_zak) values (45, 239);
insert into koncert_zak_rel (id_koncert, id_zak) values (27, 250);
insert into koncert_zak_rel (id_koncert, id_zak) values (44, 272);
insert into koncert_zak_rel (id_koncert, id_zak) values (20, 198);
insert into koncert_zak_rel (id_koncert, id_zak) values (11, 13);
insert into koncert_zak_rel (id_koncert, id_zak) values (43, 46);
insert into koncert_zak_rel (id_koncert, id_zak) values (15, 23);
insert into koncert_zak_rel (id_koncert, id_zak) values (24, 211);
insert into koncert_zak_rel (id_koncert, id_zak) values (8, 135);
insert into koncert_zak_rel (id_koncert, id_zak) values (7, 135);
insert into koncert_zak_rel (id_koncert, id_zak) values (36, 146);
insert into koncert_zak_rel (id_koncert, id_zak) values (42, 186);
insert into koncert_zak_rel (id_koncert, id_zak) values (45, 221);
insert into koncert_zak_rel (id_koncert, id_zak) values (30, 90);
insert into koncert_zak_rel (id_koncert, id_zak) values (42, 142);
insert into koncert_zak_rel (id_koncert, id_zak) values (48, 148);
insert into koncert_zak_rel (id_koncert, id_zak) values (8, 205);
insert into koncert_zak_rel (id_koncert, id_zak) values (9, 148);
insert into koncert_zak_rel (id_koncert, id_zak) values (8, 13);
insert into koncert_zak_rel (id_koncert, id_zak) values (44, 232);
insert into koncert_zak_rel (id_koncert, id_zak) values (49, 77);
insert into koncert_zak_rel (id_koncert, id_zak) values (18, 197);
insert into koncert_zak_rel (id_koncert, id_zak) values (22, 131);
insert into koncert_zak_rel (id_koncert, id_zak) values (29, 249);
insert into koncert_zak_rel (id_koncert, id_zak) values (19, 112);
insert into koncert_zak_rel (id_koncert, id_zak) values (4, 53);
insert into koncert_zak_rel (id_koncert, id_zak) values (11, 86);
insert into koncert_zak_rel (id_koncert, id_zak) values (17, 262);
insert into koncert_zak_rel (id_koncert, id_zak) values (10, 195);
insert into koncert_zak_rel (id_koncert, id_zak) values (49, 110);
insert into koncert_zak_rel (id_koncert, id_zak) values (10, 19);
insert into koncert_zak_rel (id_koncert, id_zak) values (7, 15);
insert into koncert_zak_rel (id_koncert, id_zak) values (46, 207);
insert into koncert_zak_rel (id_koncert, id_zak) values (14, 199);
insert into koncert_zak_rel (id_koncert, id_zak) values (22, 165);
insert into koncert_zak_rel (id_koncert, id_zak) values (11, 140);
insert into koncert_zak_rel (id_koncert, id_zak) values (30, 212);
insert into koncert_zak_rel (id_koncert, id_zak) values (38, 81);
insert into koncert_zak_rel (id_koncert, id_zak) values (14, 230);
insert into koncert_zak_rel (id_koncert, id_zak) values (48, 186);
insert into koncert_zak_rel (id_koncert, id_zak) values (6, 15);
insert into koncert_zak_rel (id_koncert, id_zak) values (33, 211);
insert into koncert_zak_rel (id_koncert, id_zak) values (45, 258);
insert into koncert_zak_rel (id_koncert, id_zak) values (3, 179);
insert into koncert_zak_rel (id_koncert, id_zak) values (49, 157);
insert into koncert_zak_rel (id_koncert, id_zak) values (7, 226);
insert into koncert_zak_rel (id_koncert, id_zak) values (21, 109);
insert into koncert_zak_rel (id_koncert, id_zak) values (27, 146);
insert into koncert_zak_rel (id_koncert, id_zak) values (31, 35);
insert into koncert_zak_rel (id_koncert, id_zak) values (43, 124);
insert into koncert_zak_rel (id_koncert, id_zak) values (30, 147);
insert into koncert_zak_rel (id_koncert, id_zak) values (1, 83);
insert into koncert_zak_rel (id_koncert, id_zak) values (29, 70);
insert into koncert_zak_rel (id_koncert, id_zak) values (40, 178);
insert into koncert_zak_rel (id_koncert, id_zak) values (44, 23);
insert into koncert_zak_rel (id_koncert, id_zak) values (38, 272);
insert into koncert_zak_rel (id_koncert, id_zak) values (25, 76);
insert into koncert_zak_rel (id_koncert, id_zak) values (45, 49);
insert into koncert_zak_rel (id_koncert, id_zak) values (48, 188);
insert into koncert_zak_rel (id_koncert, id_zak) values (7, 224);
insert into koncert_zak_rel (id_koncert, id_zak) values (43, 205);
insert into koncert_zak_rel (id_koncert, id_zak) values (10, 141);
insert into koncert_zak_rel (id_koncert, id_zak) values (12, 255);
insert into koncert_zak_rel (id_koncert, id_zak) values (44, 69);
insert into koncert_zak_rel (id_koncert, id_zak) values (25, 179);
insert into koncert_zak_rel (id_koncert, id_zak) values (31, 37);
insert into koncert_zak_rel (id_koncert, id_zak) values (35, 45);
insert into koncert_zak_rel (id_koncert, id_zak) values (8, 93);
insert into koncert_zak_rel (id_koncert, id_zak) values (33, 181);
insert into koncert_zak_rel (id_koncert, id_zak) values (24, 242);
insert into koncert_zak_rel (id_koncert, id_zak) values (27, 128);
insert into koncert_zak_rel (id_koncert, id_zak) values (12, 269);
insert into koncert_zak_rel (id_koncert, id_zak) values (20, 203);
insert into koncert_zak_rel (id_koncert, id_zak) values (34, 147);
insert into koncert_zak_rel (id_koncert, id_zak) values (18, 185);
insert into koncert_zak_rel (id_koncert, id_zak) values (28, 62);
insert into koncert_zak_rel (id_koncert, id_zak) values (22, 21);
insert into koncert_zak_rel (id_koncert, id_zak) values (4, 46);
insert into koncert_zak_rel (id_koncert, id_zak) values (20, 45);
insert into koncert_zak_rel (id_koncert, id_zak) values (43, 240);
insert into koncert_zak_rel (id_koncert, id_zak) values (32, 126);
insert into koncert_zak_rel (id_koncert, id_zak) values (10, 194);
insert into koncert_zak_rel (id_koncert, id_zak) values (12, 195);
insert into koncert_zak_rel (id_koncert, id_zak) values (46, 31);
insert into koncert_zak_rel (id_koncert, id_zak) values (40, 248);
insert into koncert_zak_rel (id_koncert, id_zak) values (49, 149);
insert into koncert_zak_rel (id_koncert, id_zak) values (45, 62);
insert into koncert_zak_rel (id_koncert, id_zak) values (6, 188);
insert into koncert_zak_rel (id_koncert, id_zak) values (16, 110);
insert into koncert_zak_rel (id_koncert, id_zak) values (39, 176);
insert into koncert_zak_rel (id_koncert, id_zak) values (6, 251);
insert into koncert_zak_rel (id_koncert, id_zak) values (46, 124);
insert into koncert_zak_rel (id_koncert, id_zak) values (43, 90);
insert into koncert_zak_rel (id_koncert, id_zak) values (44, 200);
insert into koncert_zak_rel (id_koncert, id_zak) values (15, 85);
insert into koncert_zak_rel (id_koncert, id_zak) values (31, 60);
insert into koncert_zak_rel (id_koncert, id_zak) values (4, 141);
insert into koncert_zak_rel (id_koncert, id_zak) values (41, 68);
insert into koncert_zak_rel (id_koncert, id_zak) values (5, 262);
insert into koncert_zak_rel (id_koncert, id_zak) values (28, 100);
insert into koncert_zak_rel (id_koncert, id_zak) values (18, 195);
insert into koncert_zak_rel (id_koncert, id_zak) values (7, 73);
insert into koncert_zak_rel (id_koncert, id_zak) values (10, 172);
insert into koncert_zak_rel (id_koncert, id_zak) values (49, 194);
insert into koncert_zak_rel (id_koncert, id_zak) values (19, 60);
insert into koncert_zak_rel (id_koncert, id_zak) values (37, 108);
insert into koncert_zak_rel (id_koncert, id_zak) values (2, 197);
insert into koncert_zak_rel (id_koncert, id_zak) values (23, 146);
insert into koncert_zak_rel (id_koncert, id_zak) values (38, 19);
insert into koncert_zak_rel (id_koncert, id_zak) values (37, 171);
insert into koncert_zak_rel (id_koncert, id_zak) values (26, 58);
insert into koncert_zak_rel (id_koncert, id_zak) values (23, 28);
insert into koncert_zak_rel (id_koncert, id_zak) values (3, 56);
insert into koncert_zak_rel (id_koncert, id_zak) values (9, 221);
insert into koncert_zak_rel (id_koncert, id_zak) values (35, 51);
insert into koncert_zak_rel (id_koncert, id_zak) values (39, 226);
insert into koncert_zak_rel (id_koncert, id_zak) values (4, 143);
insert into koncert_zak_rel (id_koncert, id_zak) values (13, 183);
insert into koncert_zak_rel (id_koncert, id_zak) values (49, 229);
insert into koncert_zak_rel (id_koncert, id_zak) values (2, 6);
insert into koncert_zak_rel (id_koncert, id_zak) values (14, 173);
insert into koncert_zak_rel (id_koncert, id_zak) values (46, 139);
insert into koncert_zak_rel (id_koncert, id_zak) values (1, 169);
insert into koncert_zak_rel (id_koncert, id_zak) values (32, 180);
insert into koncert_zak_rel (id_koncert, id_zak) values (33, 236);
insert into koncert_zak_rel (id_koncert, id_zak) values (41, 135);
insert into koncert_zak_rel (id_koncert, id_zak) values (32, 79);
insert into koncert_zak_rel (id_koncert, id_zak) values (36, 96);
insert into koncert_zak_rel (id_koncert, id_zak) values (41, 45);
insert into koncert_zak_rel (id_koncert, id_zak) values (23, 160);
insert into koncert_zak_rel (id_koncert, id_zak) values (25, 162);
insert into koncert_zak_rel (id_koncert, id_zak) values (25, 192);
insert into koncert_zak_rel (id_koncert, id_zak) values (34, 213);
insert into koncert_zak_rel (id_koncert, id_zak) values (23, 5);
insert into koncert_zak_rel (id_koncert, id_zak) values (10, 54);
insert into koncert_zak_rel (id_koncert, id_zak) values (4, 206);
insert into koncert_zak_rel (id_koncert, id_zak) values (50, 122);
insert into koncert_zak_rel (id_koncert, id_zak) values (37, 9);
insert into koncert_zak_rel (id_koncert, id_zak) values (38, 142);
insert into koncert_zak_rel (id_koncert, id_zak) values (15, 147);
insert into koncert_zak_rel (id_koncert, id_zak) values (15, 18);
insert into koncert_zak_rel (id_koncert, id_zak) values (44, 249);
insert into koncert_zak_rel (id_koncert, id_zak) values (5, 41);
insert into koncert_zak_rel (id_koncert, id_zak) values (30, 71);
insert into koncert_zak_rel (id_koncert, id_zak) values (23, 203);
insert into koncert_zak_rel (id_koncert, id_zak) values (15, 127);
insert into koncert_zak_rel (id_koncert, id_zak) values (49, 181);
insert into koncert_zak_rel (id_koncert, id_zak) values (2, 55);
insert into koncert_zak_rel (id_koncert, id_zak) values (24, 170);
insert into koncert_zak_rel (id_koncert, id_zak) values (40, 60);
insert into koncert_zak_rel (id_koncert, id_zak) values (1, 165);
insert into koncert_zak_rel (id_koncert, id_zak) values (17, 54);
insert into koncert_zak_rel (id_koncert, id_zak) values (50, 82);
insert into koncert_zak_rel (id_koncert, id_zak) values (49, 3);
insert into koncert_zak_rel (id_koncert, id_zak) values (10, 167);
insert into koncert_zak_rel (id_koncert, id_zak) values (28, 196);
insert into koncert_zak_rel (id_koncert, id_zak) values (48, 239);
insert into koncert_zak_rel (id_koncert, id_zak) values (26, 254);
insert into koncert_zak_rel (id_koncert, id_zak) values (36, 222);
insert into koncert_zak_rel (id_koncert, id_zak) values (47, 95);
insert into koncert_zak_rel (id_koncert, id_zak) values (44, 237);
insert into koncert_zak_rel (id_koncert, id_zak) values (28, 66);
insert into koncert_zak_rel (id_koncert, id_zak) values (4, 102);
insert into koncert_zak_rel (id_koncert, id_zak) values (27, 218);
insert into koncert_zak_rel (id_koncert, id_zak) values (47, 138);
insert into koncert_zak_rel (id_koncert, id_zak) values (13, 248);
insert into koncert_zak_rel (id_koncert, id_zak) values (47, 157);
insert into koncert_zak_rel (id_koncert, id_zak) values (28, 165);
insert into koncert_zak_rel (id_koncert, id_zak) values (30, 145);
insert into koncert_zak_rel (id_koncert, id_zak) values (13, 164);
insert into koncert_zak_rel (id_koncert, id_zak) values (14, 88);
insert into koncert_zak_rel (id_koncert, id_zak) values (1, 109);
insert into koncert_zak_rel (id_koncert, id_zak) values (12, 152);
insert into koncert_zak_rel (id_koncert, id_zak) values (1, 77);
insert into koncert_zak_rel (id_koncert, id_zak) values (24, 67);
insert into koncert_zak_rel (id_koncert, id_zak) values (8, 263);
insert into koncert_zak_rel (id_koncert, id_zak) values (46, 239);
insert into koncert_zak_rel (id_koncert, id_zak) values (43, 19);
insert into koncert_zak_rel (id_koncert, id_zak) values (40, 171);
insert into koncert_zak_rel (id_koncert, id_zak) values (28, 210);
insert into koncert_zak_rel (id_koncert, id_zak) values (21, 159);
insert into koncert_zak_rel (id_koncert, id_zak) values (41, 152);
insert into koncert_zak_rel (id_koncert, id_zak) values (20, 231);
insert into koncert_zak_rel (id_koncert, id_zak) values (48, 37);
insert into koncert_zak_rel (id_koncert, id_zak) values (48, 252);
insert into koncert_zak_rel (id_koncert, id_zak) values (13, 92);
insert into koncert_zak_rel (id_koncert, id_zak) values (23, 149);
insert into koncert_zak_rel (id_koncert, id_zak) values (44, 78);
insert into koncert_zak_rel (id_koncert, id_zak) values (32, 2);
insert into koncert_zak_rel (id_koncert, id_zak) values (39, 262);
insert into koncert_zak_rel (id_koncert, id_zak) values (12, 266);
insert into koncert_zak_rel (id_koncert, id_zak) values (34, 158);
insert into koncert_zak_rel (id_koncert, id_zak) values (11, 198);
insert into koncert_zak_rel (id_koncert, id_zak) values (9, 232);
insert into koncert_zak_rel (id_koncert, id_zak) values (13, 243);
insert into koncert_zak_rel (id_koncert, id_zak) values (1, 266);
insert into koncert_zak_rel (id_koncert, id_zak) values (13, 230);
insert into koncert_zak_rel (id_koncert, id_zak) values (31, 90);
insert into koncert_zak_rel (id_koncert, id_zak) values (1, 22);
insert into koncert_zak_rel (id_koncert, id_zak) values (27, 66);
insert into koncert_zak_rel (id_koncert, id_zak) values (35, 229);
insert into koncert_zak_rel (id_koncert, id_zak) values (42, 195);
insert into koncert_zak_rel (id_koncert, id_zak) values (36, 164);
insert into koncert_zak_rel (id_koncert, id_zak) values (28, 275);
insert into koncert_zak_rel (id_koncert, id_zak) values (22, 5);
insert into koncert_zak_rel (id_koncert, id_zak) values (24, 265);
insert into koncert_zak_rel (id_koncert, id_zak) values (30, 237);
insert into koncert_zak_rel (id_koncert, id_zak) values (28, 76);
insert into koncert_zak_rel (id_koncert, id_zak) values (38, 114);
insert into koncert_zak_rel (id_koncert, id_zak) values (40, 65);
insert into koncert_zak_rel (id_koncert, id_zak) values (9, 172);
insert into koncert_zak_rel (id_koncert, id_zak) values (26, 78);
insert into koncert_zak_rel (id_koncert, id_zak) values (30, 58);
insert into koncert_zak_rel (id_koncert, id_zak) values (2, 138);
insert into koncert_zak_rel (id_koncert, id_zak) values (31, 1);
insert into koncert_zak_rel (id_koncert, id_zak) values (48, 28);
insert into koncert_zak_rel (id_koncert, id_zak) values (5, 273);
insert into koncert_zak_rel (id_koncert, id_zak) values (15, 34);
insert into koncert_zak_rel (id_koncert, id_zak) values (9, 20);
insert into koncert_zak_rel (id_koncert, id_zak) values (1, 238);
insert into koncert_zak_rel (id_koncert, id_zak) values (48, 3);
insert into koncert_zak_rel (id_koncert, id_zak) values (18, 75);
insert into koncert_zak_rel (id_koncert, id_zak) values (19, 207);
insert into koncert_zak_rel (id_koncert, id_zak) values (10, 230);
insert into koncert_zak_rel (id_koncert, id_zak) values (48, 129);
insert into koncert_zak_rel (id_koncert, id_zak) values (12, 77);
insert into koncert_zak_rel (id_koncert, id_zak) values (35, 242);
insert into koncert_zak_rel (id_koncert, id_zak) values (36, 3);
insert into koncert_zak_rel (id_koncert, id_zak) values (39, 211);
insert into koncert_zak_rel (id_koncert, id_zak) values (17, 249);
insert into koncert_zak_rel (id_koncert, id_zak) values (44, 158);
insert into koncert_zak_rel (id_koncert, id_zak) values (48, 163);
insert into koncert_zak_rel (id_koncert, id_zak) values (48, 164);
insert into koncert_zak_rel (id_koncert, id_zak) values (41, 136);
insert into koncert_zak_rel (id_koncert, id_zak) values (39, 135);
insert into koncert_zak_rel (id_koncert, id_zak) values (34, 185);
insert into koncert_zak_rel (id_koncert, id_zak) values (5, 136);
insert into koncert_zak_rel (id_koncert, id_zak) values (24, 46);
insert into koncert_zak_rel (id_koncert, id_zak) values (48, 211);
insert into koncert_zak_rel (id_koncert, id_zak) values (41, 169);
insert into koncert_zak_rel (id_koncert, id_zak) values (32, 66);
insert into koncert_zak_rel (id_koncert, id_zak) values (13, 260);
insert into koncert_zak_rel (id_koncert, id_zak) values (39, 232);
insert into koncert_zak_rel (id_koncert, id_zak) values (18, 39);
insert into koncert_zak_rel (id_koncert, id_zak) values (25, 177);
insert into koncert_zak_rel (id_koncert, id_zak) values (21, 173);
insert into koncert_zak_rel (id_koncert, id_zak) values (49, 238);
insert into koncert_zak_rel (id_koncert, id_zak) values (25, 131);
insert into koncert_zak_rel (id_koncert, id_zak) values (8, 235);
insert into koncert_zak_rel (id_koncert, id_zak) values (29, 29);
insert into koncert_zak_rel (id_koncert, id_zak) values (33, 229);
insert into koncert_zak_rel (id_koncert, id_zak) values (29, 41);
insert into koncert_zak_rel (id_koncert, id_zak) values (41, 271);
insert into koncert_zak_rel (id_koncert, id_zak) values (13, 125);
insert into koncert_zak_rel (id_koncert, id_zak) values (18, 184);
insert into koncert_zak_rel (id_koncert, id_zak) values (42, 218);
insert into koncert_zak_rel (id_koncert, id_zak) values (10, 103);
insert into koncert_zak_rel (id_koncert, id_zak) values (34, 120);
insert into koncert_zak_rel (id_koncert, id_zak) values (16, 173);
insert into koncert_zak_rel (id_koncert, id_zak) values (19, 188);
insert into koncert_zak_rel (id_koncert, id_zak) values (19, 181);
insert into koncert_zak_rel (id_koncert, id_zak) values (1, 41);
insert into koncert_zak_rel (id_koncert, id_zak) values (11, 146);
insert into koncert_zak_rel (id_koncert, id_zak) values (18, 179);
insert into koncert_zak_rel (id_koncert, id_zak) values (50, 154);
insert into koncert_zak_rel (id_koncert, id_zak) values (36, 129);
insert into koncert_zak_rel (id_koncert, id_zak) values (5, 102);
insert into koncert_zak_rel (id_koncert, id_zak) values (3, 177);
insert into koncert_zak_rel (id_koncert, id_zak) values (37, 246);
insert into koncert_zak_rel (id_koncert, id_zak) values (29, 132);
insert into koncert_zak_rel (id_koncert, id_zak) values (37, 133);
insert into koncert_zak_rel (id_koncert, id_zak) values (4, 194);
insert into koncert_zak_rel (id_koncert, id_zak) values (26, 45);
insert into koncert_zak_rel (id_koncert, id_zak) values (10, 38);
insert into koncert_zak_rel (id_koncert, id_zak) values (19, 9);
insert into koncert_zak_rel (id_koncert, id_zak) values (24, 42);
insert into koncert_zak_rel (id_koncert, id_zak) values (18, 257);
insert into koncert_zak_rel (id_koncert, id_zak) values (46, 64);
insert into koncert_zak_rel (id_koncert, id_zak) values (32, 119);
insert into koncert_zak_rel (id_koncert, id_zak) values (49, 168);
insert into koncert_zak_rel (id_koncert, id_zak) values (9, 256);
insert into koncert_zak_rel (id_koncert, id_zak) values (17, 237);
insert into koncert_zak_rel (id_koncert, id_zak) values (26, 43);
insert into koncert_zak_rel (id_koncert, id_zak) values (9, 257);
insert into koncert_zak_rel (id_koncert, id_zak) values (17, 105);
insert into koncert_zak_rel (id_koncert, id_zak) values (46, 138);
insert into koncert_zak_rel (id_koncert, id_zak) values (12, 142);
insert into koncert_zak_rel (id_koncert, id_zak) values (9, 60);
insert into koncert_zak_rel (id_koncert, id_zak) values (47, 155);
insert into koncert_zak_rel (id_koncert, id_zak) values (7, 65);
insert into koncert_zak_rel (id_koncert, id_zak) values (8, 26);
insert into koncert_zak_rel (id_koncert, id_zak) values (3, 55);
insert into koncert_zak_rel (id_koncert, id_zak) values (13, 228);
insert into koncert_zak_rel (id_koncert, id_zak) values (42, 207);
insert into koncert_zak_rel (id_koncert, id_zak) values (36, 247);
insert into koncert_zak_rel (id_koncert, id_zak) values (16, 168);
insert into koncert_zak_rel (id_koncert, id_zak) values (50, 32);
insert into koncert_zak_rel (id_koncert, id_zak) values (21, 49);
insert into koncert_zak_rel (id_koncert, id_zak) values (21, 194);
insert into koncert_zak_rel (id_koncert, id_zak) values (31, 17);
insert into koncert_zak_rel (id_koncert, id_zak) values (32, 88);
insert into koncert_zak_rel (id_koncert, id_zak) values (7, 97);
insert into koncert_zak_rel (id_koncert, id_zak) values (37, 37);
insert into koncert_zak_rel (id_koncert, id_zak) values (19, 200);
insert into koncert_zak_rel (id_koncert, id_zak) values (11, 188);
insert into koncert_zak_rel (id_koncert, id_zak) values (22, 259);
insert into koncert_zak_rel (id_koncert, id_zak) values (26, 14);
insert into koncert_zak_rel (id_koncert, id_zak) values (27, 54);
insert into koncert_zak_rel (id_koncert, id_zak) values (35, 157);
insert into koncert_zak_rel (id_koncert, id_zak) values (7, 267);
insert into koncert_zak_rel (id_koncert, id_zak) values (19, 28);
insert into koncert_zak_rel (id_koncert, id_zak) values (35, 123);
insert into koncert_zak_rel (id_koncert, id_zak) values (41, 215);
insert into koncert_zak_rel (id_koncert, id_zak) values (44, 18);
insert into koncert_zak_rel (id_koncert, id_zak) values (33, 77);
insert into koncert_zak_rel (id_koncert, id_zak) values (5, 246);
insert into koncert_zak_rel (id_koncert, id_zak) values (6, 70);
insert into koncert_zak_rel (id_koncert, id_zak) values (24, 126);
insert into koncert_zak_rel (id_koncert, id_zak) values (45, 237);
insert into koncert_zak_rel (id_koncert, id_zak) values (50, 135);
insert into koncert_zak_rel (id_koncert, id_zak) values (35, 243);
insert into koncert_zak_rel (id_koncert, id_zak) values (46, 53);
insert into koncert_zak_rel (id_koncert, id_zak) values (16, 251);
insert into koncert_zak_rel (id_koncert, id_zak) values (8, 110);
insert into koncert_zak_rel (id_koncert, id_zak) values (47, 27);
insert into koncert_zak_rel (id_koncert, id_zak) values (9, 260);
insert into koncert_zak_rel (id_koncert, id_zak) values (49, 251);


insert into pujcka (id_zak, id_hudebni_nastroj, datum) values (143, 64, '06.04.2019');
insert into pujcka (id_zak, id_hudebni_nastroj, datum) values (175, 79, '05.02.2017');
insert into pujcka (id_zak, id_hudebni_nastroj, datum) values (43, 85, '07.09.2016');
insert into pujcka (id_zak, id_hudebni_nastroj, datum) values (243, 39, '19.04.2018');
insert into pujcka (id_zak, id_hudebni_nastroj, datum) values (40, 42, '12.02.2017');
insert into pujcka (id_zak, id_hudebni_nastroj, datum) values (131, 46, '25.02.2018');
insert into pujcka (id_zak, id_hudebni_nastroj, datum) values (189, 50, '17.04.2017');
insert into pujcka (id_zak, id_hudebni_nastroj, datum) values (199, 59, '25.11.2018');
insert into pujcka (id_zak, id_hudebni_nastroj, datum) values (216, 89, '02.05.2019');
insert into pujcka (id_zak, id_hudebni_nastroj, datum) values (115, 90, '16.09.2016');
insert into pujcka (id_zak, id_hudebni_nastroj, datum) values (123, 107, '20.01.2018');
insert into pujcka (id_zak, id_hudebni_nastroj, datum) values (153, 110, '21.08.2019');
insert into pujcka (id_zak, id_hudebni_nastroj, datum) values (47, 114, '19.07.2016');
insert into pujcka (id_zak, id_hudebni_nastroj, datum) values (54, 9, '18.03.2020');
insert into pujcka (id_zak, id_hudebni_nastroj, datum) values (86, 12, '12.02.2020');
insert into pujcka (id_zak, id_hudebni_nastroj, datum) values (101, 13, '21.02.2020');
insert into pujcka (id_zak, id_hudebni_nastroj, datum) values (106, 18, '06.09.2019');
insert into pujcka (id_zak, id_hudebni_nastroj, datum) values (135, 138, '23.07.2017');
insert into pujcka (id_zak, id_hudebni_nastroj, datum) values (162, 139, '19.08.2017');
insert into pujcka (id_zak, id_hudebni_nastroj, datum) values (209, 141, '22.05.2016');
insert into pujcka (id_zak, id_hudebni_nastroj, datum) values (211, 147, '15.11.2017');
insert into pujcka (id_zak, id_hudebni_nastroj, datum) values (228, 127, '23.02.2018');
insert into pujcka (id_zak, id_hudebni_nastroj, datum) values (70, 37, '02.02.2018');
insert into pujcka (id_zak, id_hudebni_nastroj, datum) values (88, 54, '22.08.2019');
insert into pujcka (id_zak, id_hudebni_nastroj, datum) values (163, 86, '22.12.2016');
insert into pujcka (id_zak, id_hudebni_nastroj, datum) values (10, 97, '29.08.2016');
insert into pujcka (id_zak, id_hudebni_nastroj, datum) values (82, 104, '23.01.2020');
insert into pujcka (id_zak, id_hudebni_nastroj, datum) values (75, 121, '28.03.2016');
insert into pujcka (id_zak, id_hudebni_nastroj, datum) values (87, 135, '10.09.2019');
insert into pujcka (id_zak, id_hudebni_nastroj, datum) values (232, 17, '25.03.2016');
insert into pujcka (id_zak, id_hudebni_nastroj, datum) values (253, 26, '28.04.2016');
insert into pujcka (id_zak, id_hudebni_nastroj, datum) values (182, 96, '11.05.2019');
insert into pujcka (id_zak, id_hudebni_nastroj, datum) values (205, 15, '21.03.2016');
insert into pujcka (id_zak, id_hudebni_nastroj, datum) values (94, 113, '26.05.2019');
insert into pujcka (id_zak, id_hudebni_nastroj, datum) values (138, 58, '02.06.2016');
insert into pujcka (id_zak, id_hudebni_nastroj, datum) values (202, 27, '24.07.2019');
insert into pujcka (id_zak, id_hudebni_nastroj, datum) values (12, 34, '28.05.2016');
insert into pujcka (id_zak, id_hudebni_nastroj, datum) values (242, 137, '29.04.2018');
insert into pujcka (id_zak, id_hudebni_nastroj, datum) values (130, 112, '06.09.2017');
insert into pujcka (id_zak, id_hudebni_nastroj, datum) values (103, 142, '12.07.2019');
insert into pujcka (id_zak, id_hudebni_nastroj, datum) values (201, 124, '07.03.2020');
insert into pujcka (id_zak, id_hudebni_nastroj, datum) values (201, 125, '07.03.2020');
insert into pujcka (id_zak, id_hudebni_nastroj, datum) values (72, 126, '17.04.2016');


commit;

prompt #----------------------#
prompt #- Zapnout cizi klice -#
prompt #----------------------#
exec ZAPNI_CIZI_KLICE;